image_name,share_count
Ag_03_zCikWIdryKPjSCGsBEQ-s1abSF-bhyxpkJdZba.jpeg,693
Ag_r8zZz10Iut3PC9VllCgJz4l0yry_qJt2w5oNpZnNL.jpeg,544
Ag_GeOCn6SjIZeFdN0UJIC07A4JQXuHCo0BD-G9qMfnX.jpeg,495
Al_mcZ14dj8PJhcpWFa1hVr9bkqc_fa47rUu5WcTB0h6.jpeg,442
AgiLert8kYlleMHMMQLwNSmQZTHAcgwW-uRVC7GGXoM3.jpeg,378
Ag_bJCd04FKLNP2C9osKqyGDGK2T8pZZ-3-u7wAx1ezZ.jpeg,336
Aq3-hBodtyU6miAtMvZlH4FD9FzHjALBmos5c8sMGaYi.jpeg,302
AhCxw5dk9Vmgwy2k38VZOcu1bNXjr-UqgQEB0D_6ib4a.jpeg,298
AgbaHnOx7nsFo0mgTGbZteblkD57HxRCvYcm0eC1IsIq.jpeg,269
Ag9tT4T_4u4C6jBRDEDtU9AYFVvHuSJI01JL4ir6By4v.jpeg,250
Ag3l_eTa9GwKvALy-W7N9vVaGqXJNx3rpMeDvdGzWsV8.jpeg,249
Ag5Y2Iqp45HHG6N9G5U_P3EiDn4uHgi24tRP5yxdy4U3.jpeg,241
AoEQQKFvlUQMUYlpbg1dSg-XQeJvo5ZGVcNmu-fH4SN1.jpeg,235
Aqr3nZRO23A7FLhSAhfNIfClQC46Gnt8yZZWZ4KPOwBt.jpeg,234
Ag-1I3smJYfxkog_OtgFmXdw6hNFGnXryPEjZfp2VaSZ.jpeg,233
AiTFTXtR4zZGngABcZjo-AMfW8XAwau6AHFHjE5JOOxj.jpeg,231
AnMagvVFaiRFbEP2boLUavutVDkoDd9NeLeA7UQNt-Ff.jpeg,231
Ag2pgypj8OQLA9TW1PMNLCrlzl2oDgJq3xshGTl_DgAw.jpeg,230
AhXo8_rL8itMqbpb4-VrZcc4GA3aZs-pRYOikT-Git6c.jpeg,228
Ag2I5teLQnGiUFyKPwfFbkZ0R5x5_qfrJl7389OoaYc4.jpeg,227
