cluster_image_name,min,max,lifespan_days
AgbaHnOx7nsFo0mgTGbZteblkD57HxRCvYcm0eC1IsIq.jpeg,2018-07-24 12:41:31,2019-06-10 15:41:19,321
AgMiXPe8dToIVCuKGZ398MCnQRVdpeRkTDRUFRzeWpXS.jpeg,2018-07-25 09:05:15,2019-06-10 13:04:27,320
AiBkI9cL-q9g-U9uYWrYgpd9rN1zbXqoelkhh2vI-HRN.jpeg,2018-07-23 16:27:18,2019-06-08 12:43:22,319
Agd3k4s9RAyU_E4l1AbpWE5c0uLFhE09EndBf_O1XICR.jpeg,2018-07-23 01:41:37,2019-06-06 17:15:42,318
AiZ6O1EPISkA7lsKY5d7a5DC9sqKQvILeainI9tJJy0G.jpeg,2018-07-26 07:32:01,2019-06-09 04:00:24,317
Agdz8hBS70wS730ZgGJDUkci7PajgT0UQ3ubVo7zL-02.jpeg,2018-07-26 07:32:22,2019-06-09 04:00:17,317
Aqr7kYddz7U4suR-V1rTbcVQR6xFcSMT-IFinWheqU6r.jpeg,2018-07-26 07:33:21,2019-06-09 04:00:29,317
AgckAlzJIUJXQcPNF-ilixOY9HFPEFAGMvD_VAY8MI-r.jpeg,2018-07-23 09:01:40,2019-06-02 09:25:54,314
Agw8faU3COtL0PTQwCgtMkCEJK4rgUcBYMYUMLycmQPb.jpeg,2018-07-24 04:37:15,2019-06-03 04:01:47,313
AtxHRgmPqWJjSmlZOhnY4KdqU47hPoQpPjMAst_KkhIw.jpeg,2018-08-03 10:45:21,2019-06-09 03:59:53,309
Ag7QAyBOFl1yL-8Z2K3e1k3DxhAoQstTv8_hsFSQ015O.jpeg,2018-08-03 10:45:04,2019-06-09 04:00:23,309
Ag7_uekHM_KzcpK8YMSH6HOtbIsEtOkmTLjqfDeAq7lf.jpeg,2018-08-03 10:44:55,2019-06-09 04:00:21,309
Aqqxwdk7OdrbdsJ-61u4_dNq1VZd13Nll3yLllYfLOsz.jpeg,2018-07-26 07:33:42,2019-05-30 05:10:48,307
Ag2sD_oaSXYVyL0A4TLragGencXDtTqVHQ8HGR1TE1Ix.jpeg,2018-08-05 16:36:37,2019-06-09 03:59:46,307
Ag37ApXXtn_d5VwuLHRlJLlSqsC9g8moO7u_lgv7HeTx.jpeg,2018-07-25 12:58:11,2019-05-20 16:25:05,299
Agdo5rvDV-RPhkZ7KvfFAp5JeKo1iylRuFJAK_xM_3QO.jpeg,2018-07-31 03:54:16,2019-05-27 03:33:43,299
Av6XhczOBw3NIwSSVB2S13wy5pgbDZDr7kEh7qKFBl0y.jpeg,2018-08-10 04:05:56,2019-06-05 02:19:47,298
AgGnnApc4lR-aDGyTkk_Ozk6lVRyZV0qQ4CYOmS8uNP8.jpeg,2018-08-10 11:35:56,2019-06-03 18:32:48,297
Ah2KiM4-zw8eNSrOdAjd6fJMuAiOMoYLJgCWQWvNvXyP.jpeg,2018-08-16 13:16:33,2019-06-09 04:00:09,296
AhYUg2y35MAxFus_bNC57_eHKZCDqQaRjrImW8DUSn0-.jpeg,2018-08-14 03:25:32,2019-06-06 06:33:43,296
AgnXvOy_OlnD7HYQwFTdEoOSz0rRtP5RizU7lmGgaTL6.jpeg,2018-08-14 03:25:34,2019-06-06 06:33:44,296
AgdAjyMysh-bVIfBbvgYZBsAdBosdVTsoDvBkO8EgRm3.jpeg,2018-08-14 03:25:46,2019-06-06 06:33:46,296
AgNYzrUzFzUO8hyjQFtu-4CcGHH5ps1KWOOJHx1ARDjk.jpeg,2018-07-31 03:54:29,2019-05-21 11:58:54,294
Ag57CWCUemsaskX5DMaiKyNF5aUgAJieERPvNuF9IEL3.jpeg,2018-08-13 08:40:51,2019-06-03 03:21:28,293
Aq3-hBodtyU6miAtMvZlH4FD9FzHjALBmos5c8sMGaYi.jpeg,2018-07-22 13:39:12,2019-05-11 09:44:59,292
AgNJdVi_3YdIQczEC0U3sMBrtNoYE9NjaWUycP_-EGAK.jpeg,2018-07-30 18:22:13,2019-05-19 11:58:16,292
Ag89wfKFqkeHzfSmgYolC_2U4kB1nGS8ITGNQ-SnPPPs.jpeg,2018-07-22 13:35:55,2019-05-08 23:42:01,290
AtYINcDz_dZ6OfSTzLhVoDn7Kbb8SAFgZiBOUDq2XYLa.jpeg,2018-07-24 03:48:51,2019-05-10 17:27:52,290
Ag5WfysOK17hgAFjOgB4yVKYS5TqXK5soOsMk09WZ4CW.jpeg,2018-07-31 03:54:39,2019-05-16 08:13:22,289
AgFa4SzMQRUZvrcATI_yMzagfHt5BziXgECIaTTLrxM_.jpeg,2018-07-31 03:53:00,2019-05-15 19:20:41,288
AgbM_0qYdLrUHn_NaXoeH-DrqWE4gO3WW3dk_Q1QkHF5.jpeg,2018-07-31 03:54:10,2019-05-15 19:20:46,288
AgJeYmLJg1RGjaTLhN3my5gbVVcGUaIH_PERPoIlsF7z.jpeg,2018-07-31 03:52:54,2019-05-15 19:20:16,288
AgH38BfETMeY75hJ0gJxU2DXtzCcEyHjyh4sPQYid1ck.jpeg,2018-07-31 03:52:38,2019-05-15 19:20:26,288
Ag55sfyQPK-Wlp6QkHJ9yquZkJtTHs7_Higy5zUkDQGh.jpeg,2018-08-10 14:26:58,2019-05-26 08:53:33,288
Ag5MuKEPqXRhOZfK2hqK8jxZvC9tzqFWcROTMA182xce.jpeg,2018-07-25 09:04:33,2019-05-08 23:40:40,287
AgcEKLDur6ruZ3WASnWg3bhew7GbhmkCL0Ou0lgE4M_E.jpeg,2018-08-01 07:38:20,2019-05-11 09:45:14,283
Ai4Yv0KfnsYQk92-MCFvv9MGjQpqymXVigo1QdbnHliR.jpeg,2018-08-01 06:44:54,2019-05-11 09:45:24,283
Ag2ultZVOOJOh8SezL6GgkiL24voauELnkQyc77tcPLC.jpeg,2018-08-30 03:52:08,2019-06-09 04:00:13,283
Ag1EJO0gu7YDCRK7cpzfy2gePDWvpHLRtS2pGqRXyCQd.jpeg,2018-08-01 07:46:26,2019-05-11 17:13:43,283
Ag4OrA63bjch3ykTSMAHT0KDGPPbcvccdZPCyCsHoo6W.jpeg,2018-07-30 18:22:22,2019-05-08 23:41:05,282
AiyhPpk0jBvJpUyj2zxp18-AUijfyMWrrpuBtk_ALzdy.jpeg,2018-08-04 16:52:35,2019-05-10 17:22:09,279
AgD2weK2W9gxk1ay55Ir20qgahzLRU-E99-PvHojQT7i.jpeg,2018-08-09 08:21:28,2019-05-16 08:19:28,279
Ag3sST3cNDXZLyRwPYgEasq0kHBq5IOKFztwc4Ha5cs4.jpeg,2018-08-09 14:15:21,2019-05-15 18:41:46,279
AqN4W4d46CZs6jHMR2JjQIqq2wiOCr7YUalgnLMNT6ZG.jpeg,2018-08-14 11:27:24,2019-05-21 01:16:48,279
Ag0LHDxVJZjoB4tRCvhUNoEiMuisnOIsFFhqOXq8A10a.jpeg,2018-08-01 16:58:40,2019-05-08 05:28:10,279
AgNWl0RyipancFUHQklnwHFgPrk0m6ZSboiJSH98LZ4C.jpeg,2018-07-22 14:56:32,2019-04-26 15:04:35,278
AgHPFQH88l60czC7O1q74MGdA_Aen_0ZCq_UmjxYA810.jpeg,2018-07-30 13:00:12,2019-05-03 15:53:57,277
Ag0BrjnFZ3AgvovhlTSZ89P-EV19YrOxAqztQiYUGmQU.jpeg,2018-07-21 16:28:14,2019-04-23 20:24:25,276
Ag6iZkBsKYyBVQrmKfUb2rfdiONKl7sDVmbwIWJzPKdM.jpeg,2018-07-22 10:10:01,2019-04-25 04:40:20,276
AnDWVI7pKHctm0IJWB_pKpu9nfNNsYSrifdcQz7fg1Xl.jpeg,2018-07-24 13:42:10,2019-04-26 05:56:17,275
AgD4QqVH9rh1nKE6PUvaI85_RyRoLtlLIqxluasDCWVl.jpeg,2018-07-21 16:56:40,2019-04-21 13:56:43,273
AgfGVitvh4-48IIgCzAdpD_YVTi48NRT4_1fmOiVLrum.jpeg,2018-07-21 16:52:40,2019-04-20 16:56:09,273
Atv0rqAuopsBf1-9DzXAvWQ_WPqJqMCvQ0fqb3zgBa7x.jpeg,2018-08-01 12:24:54,2019-05-02 11:26:20,273
AghMIB9l7fZczsWMEUYlYnV4a8xBlOJTsq3eH88XBv_l.jpeg,2018-08-21 13:50:22,2019-05-19 12:16:10,270
Ag7XGbQ3waGCdL2dgBCSotS4nGLiuZ8E6N0SsA_I7BU9.jpeg,2018-07-21 16:28:24,2019-04-18 15:23:18,270
Ag3Oilf_VkRjbkY2NMwl4LKz_Xz4xqybTHOWLY-Agmsn.jpeg,2018-09-09 17:21:31,2019-06-06 07:52:21,269
Agi6rHRYbJDQz9TrQRbV6g2D6SI1TFdXCRCUoYPmYSgG.jpeg,2018-07-25 09:04:23,2019-04-18 15:23:19,267
Ag1D_G1cebxoPJ2Tsb1mpguvoxeHm0pru7Uw9GxcB66_.jpeg,2018-07-25 05:52:10,2019-04-18 15:23:20,267
AgJyRibbnUuAcaZn2wCVnGx2DC6rkGNrePCFxX4CbwQK.jpeg,2018-07-25 05:52:24,2019-04-18 15:23:17,267
Ag2euX22b90P6OjCR-Gd4iaSsWjh-3PSYig-g_YVBrtl.jpeg,2018-07-25 09:05:24,2019-04-19 04:18:15,267
AmTAte65FlbLzQ-T53qBlID4O6snv_fARxVJ45OQatoD.jpeg,2018-08-24 13:31:17,2019-05-18 11:57:53,266
AgM0QDs2F6BTfCvO3WeV7lMNqyGzgAmtex6mVUDfQ-5Q.jpeg,2018-07-25 09:04:58,2019-04-15 05:15:16,263
Ag2I5teLQnGiUFyKPwfFbkZ0R5x5_qfrJl7389OoaYc4.jpeg,2018-08-16 06:56:26,2019-05-06 16:20:24,263
Ag6oCtlaWjV99S26KBv9ZPDZ9-m4bsR9Ydz-_T5cyBVC.jpeg,2018-07-25 05:52:14,2019-04-15 05:25:30,263
Ag2VRTRIOMby8J35kMN8sbJPAgzPXaytRQJH93aC83NB.jpeg,2018-08-07 17:27:10,2019-04-27 06:58:08,262
AoCNsJazMOj_UKbiedsF-WMcIYITddXyDsEtjSNGgAgT.jpeg,2018-08-30 04:10:32,2019-05-18 07:55:34,261
AgbJW5PURlPRiLMhhLb4kxUG0s42ZVdoBEkKiIBxiNRz.jpeg,2018-08-20 15:24:08,2019-05-08 06:08:31,260
AgezNPboR_npMEOn0FQQ4cm6fn6otSkBIrOhbYz6EWDL.jpeg,2018-07-30 13:00:03,2019-04-15 17:05:21,259
AgFt7RJMbwMTnlDW07V7QHYBviPQJX2rXUSWBFtkVVlI.jpeg,2018-08-08 09:26:23,2019-04-23 10:57:57,258
Ag2pgypj8OQLA9TW1PMNLCrlzl2oDgJq3xshGTl_DgAw.jpeg,2018-09-11 05:52:17,2019-05-26 15:52:49,257
AhADsQUuOETj7_8yahTNtRGE0wgksogz_BGALLjxONHM.jpeg,2018-07-25 09:04:52,2019-04-08 04:06:10,256
AgfbhDeRPwp4Ld1c49Yii-yoQTp69-Ux4s_9yXZg2ZGt.jpeg,2018-08-20 15:24:05,2019-05-02 15:12:22,254
AgfuBgBitS6WlyOptBWLisO1YItkXwAZ-_xNSvXIJ8rB.jpeg,2018-08-30 04:10:35,2019-05-06 15:29:48,249
Ag0qXklscINqxFtOoAHQ_OhDj4ifvRuKihPEyKhihpIQ.jpeg,2018-10-03 15:20:55,2019-06-10 14:20:40,249
AvMtOcHz-ltI_VTBbCHapgzCAtBE9RVDpFHwiBLq14U4.jpeg,2018-10-03 15:21:08,2019-06-10 15:05:12,249
AgJ-BjNgG6KKnrZeDO2yFBsHfG7rlmeoShedGPRL4ri9.jpeg,2018-08-30 04:10:28,2019-05-06 09:36:56,249
AgfClzA8DTZIoSUr820oAgZeXFzQ8FqkdrD08I74ZdAv.jpeg,2018-08-30 04:10:30,2019-05-06 15:29:48,249
AgaC-DQqetiTQCsFFQCLdFF4spWbdP4trC2PsbnXx01y.jpeg,2018-10-03 17:45:20,2019-06-08 12:43:20,247
AgaFmXtDNfK55H4u9eqrTBNjUCDimR3eOi1xewymFxA-.jpeg,2018-10-03 17:45:23,2019-06-08 12:43:05,247
Ag5pf6KRlNa89hFe_a0nr9O8qyT54_fSugTkNRVw4_Gd.jpeg,2018-10-03 17:45:21,2019-06-08 12:43:16,247
AgAiqjmQLWuXmkRb7Km4VQEKCzC9tmy4tdFJJizsY--P.jpeg,2018-10-01 06:20:12,2019-06-04 21:16:07,246
AmS_yLYK4c4KqC-Y0odQDxjmRK3C8AU6zuq_K1MMP9W1.jpeg,2018-08-20 16:20:59,2019-04-22 01:41:55,244
Ah0U91Zb8kRLAMTacVXqViegZnYic6txGix_dKyC8IQi.jpeg,2018-08-04 08:38:06,2019-04-03 00:46:51,241
Ag9xORKscG3gxXSNOhFkZTNJjntpTph0KlKHQXY6edzk.jpeg,2018-09-29 07:24:38,2019-05-28 16:29:45,241
Ag0PdHq_20yxi0UESdKd8J6bJkavogN5ONEl-iI3lW--.jpeg,2018-10-11 00:37:37,2019-06-08 12:43:11,240
Ah1pkfPIFdMl8PPezIv54Al2Bj6XCjiuiiHrLVHiuI1o.jpeg,2018-10-06 06:04:01,2019-06-04 03:10:27,240
AlbqeZZ4gX8WABNWd9cKmfgqB0ujSaxtTODiy0Bf_wtd.jpeg,2018-09-09 00:47:10,2019-05-05 16:58:19,238
AgEMn-KB6o9u8TmF5Qf1lDTca5IaZ4IyMIG0U9gX7RAb.jpeg,2018-10-15 00:38:49,2019-06-08 12:43:14,236
AgFRCmK_2YbXlGjL2wdX-siYFguHAPekNPHxecbPY2Cr.jpeg,2018-10-17 12:58:47,2019-06-10 16:47:30,236
AgEeSFIvDfwo1erZt49fZg-onEWRMTlNtbQ6zEgULxNO.jpeg,2018-10-15 00:38:57,2019-06-08 12:43:08,236
Ag0s-hP9vHXqXv96JZD4AjYei-iqzA8hfLsem_nCqy42.jpeg,2018-10-15 00:38:53,2019-06-08 12:43:17,236
AtwPvPNvnTcysQsB-nRf6UtCbc8ZyYctDTS1_I4_mw24.jpeg,2018-08-13 04:09:57,2019-04-05 02:34:36,234
Ag9tT4T_4u4C6jBRDEDtU9AYFVvHuSJI01JL4ir6By4v.jpeg,2018-10-04 16:49:02,2019-05-26 15:44:11,233
AhvmSgrrmLTMz9qGjgr5U5iwFsKGo526tHWR2NN8SlTL.jpeg,2018-09-28 16:14:42,2019-05-18 10:53:58,231
AgAE8nu1kvPER8bdgt4b8xsU9L7vOCuqx7ZumC1oGY9j.jpeg,2018-10-17 11:01:45,2019-06-04 17:14:19,230
AgAEc1ayljxkzChCbDTu3Lk1QYaZ_wHsdrzU9syvhbJy.jpeg,2018-10-25 13:13:02,2019-06-10 01:40:37,227
AgJz8N0fx9GLhrdK-sdWTlTKH2vH8HH6ZM73N2eiEVKY.jpeg,2018-07-23 14:43:42,2019-03-08 06:16:27,227
AgaWnfeYbj6OQ2c8pNAWdERqDs0pWrgCF5Zx_lDux0yX.jpeg,2018-07-31 11:29:24,2019-03-13 13:59:46,225
AgNxMvvSVvry5BetGaPBdw5F2nHJa_nFQS5BaC_6mHX7.jpeg,2018-10-12 06:31:10,2019-05-23 13:00:35,223
AqqTlcNvxj0saGkpRL2y1A3_-uOAsup4kxweHHTu-4xl.jpeg,2018-10-08 07:56:04,2019-05-16 11:46:35,220
AlE-telJKf80tclezpCBLYG4beVvXjowrK2lth8YnDGC.jpeg,2018-08-16 10:36:21,2019-03-24 20:33:47,220
AgfZLH4A73E48xtko5v4D81Z6YUBAI49ICrqMDw1FR2h.jpeg,2018-08-07 06:26:52,2019-03-15 05:03:48,219
Ag-1I3smJYfxkog_OtgFmXdw6hNFGnXryPEjZfp2VaSZ.jpeg,2018-10-04 16:49:21,2019-05-10 11:32:39,217
AqE2cyyDGEt4Me-_Uo4w8REBg3HJ9h96tjvHi8C3BJCd.jpeg,2018-10-22 10:38:51,2019-05-28 07:20:29,217
AhnxyHxzcu5ipgABPmE9BaNI-yiKRCTo8_F6lVdoBTgq.jpeg,2018-08-11 07:06:53,2019-03-14 16:03:27,215
AszPxO_xhgtR0nUD_GBs2TtnF_vglDY9Pb4Ta9NjMeEk.jpeg,2018-08-22 11:19:59,2019-03-24 15:49:38,214
Ag3l_eTa9GwKvALy-W7N9vVaGqXJNx3rpMeDvdGzWsV8.jpeg,2018-10-04 16:50:35,2019-05-06 18:03:26,214
At7PUHMPf4nPfQqBlhoTBIwhLaRODDBwovl6TmBubyc1.jpeg,2018-10-13 07:46:10,2019-05-14 03:54:27,212
Ag_3PPKlf2q7-yfRUOkVk3LlUeFjoo-I8pt8MI2yLjp5.jpeg,2018-10-13 08:43:15,2019-05-10 12:36:46,209
Ag-UNzsWTrFwC1NF9QSVMspWWYWBBYTdYjwqgQqJ0ygI.jpeg,2018-08-24 11:26:45,2019-03-20 12:11:22,208
AgDIv1SMcJhc6G3WkW3sYcjl9FcAtjHRcwIV8ZsOCkHS.jpeg,2018-07-23 14:42:30,2019-02-14 15:28:12,206
Ag2lNMsPZbes23mCcbSmJSBBccsCP7BvIqOpY1zWUXoQ.jpeg,2018-10-07 15:04:11,2019-05-01 17:50:36,206
Ag5wMP7-ExxXHrz8gZ9mx2MFMNOksXwWSN1ywGRlvs4T.jpeg,2018-10-15 12:46:50,2019-05-08 05:28:16,204
Ag5XFA0HJm5StUbMJ4G9U1AfZRc77qZ6uYDabLOHVeXj.jpeg,2018-10-06 08:35:51,2019-04-29 06:27:55,204
Aupro70tQzTiOvZWNh8DjlirHqW3mspwGd5uwwYGQf4T.jpeg,2018-08-31 05:48:17,2019-03-22 17:00:13,203
Ag1cBugyI35L2NAX50aG12Vtr9NfxKo4R3Ma-X0nT4-4.jpeg,2018-10-04 16:50:18,2019-04-25 15:12:00,202
Ag5Y2Iqp45HHG6N9G5U_P3EiDn4uHgi24tRP5yxdy4U3.jpeg,2018-10-04 16:51:22,2019-04-25 15:13:04,202
Ago-YgoNVSXQsBEjQ1s2bDm0Pqw-eCSCHMQZL4PPdKXu.jpeg,2018-10-29 09:06:55,2019-05-19 18:05:00,202
Al_Gp5k42-uwCgUNJvjUVxryDjGJtOAmrSEkVMOjFLYG.jpeg,2018-10-25 11:47:51,2019-05-15 06:37:30,201
Agu8DvbVTNEmoE0h79rndhWRv92xBzMIAF-evePHMbbU.jpeg,2018-10-23 03:20:15,2019-05-12 05:48:01,201
Agia6yTPo07phM9QLO-LyOZMflOSlxO8LlItxjkiHcxt.jpeg,2018-10-04 16:46:20,2019-04-23 20:24:55,201
AgihdP5yD8O6hWyZ-JJqS0h_4ddDn2wu2Ys00jeCnhLg.jpeg,2018-11-21 12:38:32,2019-06-09 15:59:38,200
AsegqKHXEPkZtA-QCqJtZMY4-_untBkwJe1jJPZV8IjU.jpeg,2018-11-21 06:18:41,2019-06-09 14:13:38,200
Ag2sfRskce8LYd7TdymJtEi4ksmzPGfIgBllDZDKvmQV.jpeg,2018-09-29 08:42:58,2019-04-17 07:09:02,199
Ag9ReP0oRyv7IxSmBYj7XBXwm0o79dzLTNYFnJIFODz1.jpeg,2018-11-01 16:19:22,2019-05-18 10:53:50,197
Ag3ygvU_3vnmfY4Ffc-hTrIEmsgbuEbqHzDNEdqxAdXE.jpeg,2018-11-03 00:29:06,2019-05-18 08:46:56,196
AgIgVU5S6oIxqboZLOwjllXqLCZOTx2yYxEuKpss1j22.jpeg,2018-11-13 11:35:30,2019-05-27 07:20:37,194
Ag7i4ZZMrFb478iHOg4F3kuXQ6LQjLCo7lbf-7sANb7q.jpeg,2018-11-03 00:27:43,2019-05-16 01:42:39,194
AhS5DjY-3yle0EqaNHZIkklV-uWNVBxBrdviy-Zb2yvq.jpeg,2018-11-13 11:35:44,2019-05-27 07:20:30,194
AgMNwjwxrrHAAhSSGajjVpuMBuEZLV9l0_6p0Qs9fZEM.jpeg,2018-09-22 16:49:14,2019-04-04 19:33:38,194
Ag4g8gPiZsvHmhMfwZl-rgA0sC252_IsufuB1pPWBa8v.jpeg,2018-11-01 16:19:51,2019-05-13 14:57:54,192
AgCTm0hi8rqGr4XDzal4_DwNJCiYPrOmoy7ABiDTHhPH.jpeg,2018-11-01 16:19:14,2019-05-12 08:08:09,191
Agr2Pzvetdm6RQY9oDUkeyd9-mQvNh6ZWif1Cwv5qT-r.jpeg,2018-08-25 14:18:45,2019-03-05 09:46:14,191
ArKy_SOyBsHMHLLk6JYagyIGBoCC6kE4NgHylJcLoJgE.jpeg,2018-11-01 16:19:47,2019-05-12 08:07:51,191
AtxbC3musdwM7HOpxmcAy2Pld0sUvht1fmDS9SBSaNwE.jpeg,2018-11-17 16:02:34,2019-05-27 07:20:40,190
Av3I1zIJUT5ecDcjHyQVIXtpTx8u-7hC3vDiQ9JNaufi.jpeg,2018-11-17 15:53:36,2019-05-27 07:20:28,190
As76qPgzOk0p3xzD7-9ciaa3_t8kvaCKGwFu2T1iryii.jpeg,2018-11-17 15:52:51,2019-05-27 07:20:27,190
AgA_QZzUJ_CCLe2xf5KQtEoirNjQcsoS46Nc3kmtq7bA.jpeg,2018-11-20 05:58:19,2019-05-29 09:16:33,190
AiBuyBvdp3nH0ZNuZ5fA50mLXckzM9mKszJhpIizQMNw.jpeg,2018-10-23 16:39:22,2019-05-01 13:27:04,189
Ag4hI780D4TrSGPJrMi_MHY8FnB20tz9u_29uFb0T9aH.jpeg,2018-11-04 08:47:25,2019-05-11 09:45:07,188
Ag-X44OVRUwbqpQilzHhSQ0IGK2eN8_QOUk70AypfHxO.jpeg,2018-11-26 16:11:53,2019-06-03 05:39:54,188
AgtuNS44JQE5xx6mMCdvC0k9LYg62hJYXsZWRVBCA_-h.jpeg,2018-10-02 12:15:24,2019-04-07 16:09:43,187
AgmV7Cac3jkF2bzMBiUfozogL8wvkPVtrphE0WmzC_5n.jpeg,2018-11-12 11:25:48,2019-05-18 16:26:28,187
Alz-GQ415MrDyFJriaSbG48QR6QnpvgQ4zFIFrWPaR8u.jpeg,2018-09-20 16:51:51,2019-03-27 15:50:20,187
Ag-ALQO_7MV3J-n5ZttWfWfmRpSY-ocl4sH5CmMUgO4T.jpeg,2018-12-05 08:12:01,2019-06-10 13:03:57,187
Ag0joO54zSWq8H9gO24RHz4FqMmZJghSxcNZB88ZC4BS.jpeg,2018-11-17 13:53:46,2019-05-24 13:30:29,187
AgwEjFvtU61hDwxyaK6GUo3zsyPeFlZ2VZqBGvD9Ee4g.jpeg,2018-11-03 13:29:32,2019-05-08 21:06:41,186
Ag2qGZDXU4SXwxjuzA69jc4mFNZQ0zNc20ygdlZc9gml.jpeg,2018-11-04 20:03:24,2019-05-08 23:42:31,185
Ag_855M164btcQtRV0fMeS7NvU9YE05EY4n_yH8KHrar.jpeg,2018-11-01 16:19:10,2019-05-04 04:01:21,183
AgfBSCTeqBTLV9gEu7_UnjeEZgZL0_NmYsA_RN5Py41h.jpeg,2018-11-04 02:19:26,2019-05-04 04:04:46,181
AhiY-XO79mnhxR_HPvEOFjozcyTqE2d86MKyJhTXwD2z.jpeg,2018-11-04 02:19:39,2019-05-04 04:01:56,181
Ag0wzNTxF65jZ54FiDCuBMY_XeJ2orRmvvtVZliDSrTA.jpeg,2018-10-26 11:12:02,2019-04-25 15:11:55,181
AizqvWgDzEkqd_5U-ndBOdyXW4N18_vE5sPu94GYg5yI.jpeg,2018-11-01 17:02:27,2019-05-01 02:37:12,180
Agg_-MSzy1gZcampFqJqhcEUSf0Gq4xcIRwFdtrBb0DV.jpeg,2018-11-17 15:50:08,2019-05-16 11:36:58,179
AgHCcj_lLJT0FKGOAwMZE0louLCQ8KXnSg3kEmK1ndFz.jpeg,2018-12-07 00:06:47,2019-06-03 10:26:31,178
ArzSHiOAkQWFRFAAwS6oyjPWKjAmMVhNrhNE2w7izn-u.jpeg,2018-11-29 13:41:58,2019-05-27 03:52:21,178
AhXo8_rL8itMqbpb4-VrZcc4GA3aZs-pRYOikT-Git6c.jpeg,2018-11-04 02:19:30,2019-04-30 04:45:57,177
AgByMhuK3paVjngyzSACjzEZpVMJJt_UKfQSDGZud-Yu.jpeg,2018-09-28 06:42:04,2019-03-23 15:26:15,176
AgMmhde5B5wPVGvkdn6mQrXJ0ln_-5hld586zsL5eJEM.jpeg,2018-11-04 02:35:53,2019-04-29 14:08:44,176
AgGLLAFiwVLkgdOc7gFekuJbXenCBSjwnp3VqwzcCBb0.jpeg,2018-12-17 00:36:22,2019-06-10 14:12:43,175
Ag3YpSmUK7J7K4kqiNU1lwHvT2_FOlQPJbopGuRMMYNI.jpeg,2018-10-18 04:26:18,2019-04-11 07:59:39,175
AgaWfs8RGiqHY8WT6yip1hDPr6lI0snOgUCepHCiyBwo.jpeg,2018-10-25 04:16:35,2019-04-18 03:32:06,174
AgACY4zQ02QIMHMwotQqxwqTLsc0AxakM26CCvwys2Iq.jpeg,2018-08-24 14:15:10,2019-02-14 15:28:10,174
AhqjS9oHmigNZR3Ic2ythoLheAX8No6CD7ODphWTwk0m.jpeg,2018-10-13 05:44:23,2019-04-04 19:29:23,173
Agz5Rs8RI56Y_d3-id0b1XBbeQ7UAT_pvqjd8ScCVEIw.jpeg,2018-07-25 03:24:16,2019-01-15 01:42:40,173
AggtANv3LUUQloLW9I3jaKU2pg13pYEeuQVQ_B6E62XK.jpeg,2018-11-12 08:06:25,2019-05-03 15:53:22,172
Ag8UAZErUkFCAd8H90TnWQYXR2DBcTOuU0ZxHj93M07v.jpeg,2018-11-12 11:25:33,2019-05-04 04:01:31,172
AizszM2kC7jbBORpceHGbckhOrOdUFjjI5PUfVhzEjsC.jpeg,2018-11-18 11:18:41,2019-05-09 00:49:01,171
Ag4zGlEqBkfbZW4URUCa_RkWacAiHbYnoFkC-u6Zaezc.jpeg,2018-11-04 02:20:16,2019-04-24 09:52:03,171
AgMxNXOKgybwXqjPW-CPRxiTrKcaU8l6CLMa_FJK4m7L.jpeg,2018-11-08 17:20:04,2019-04-27 19:24:59,170
Ag0tfaU1gH9buPo1fx5uiajvGFlFgZPDXeJl2ZeKBpCW.jpeg,2018-11-03 00:28:04,2019-04-21 11:48:20,169
Ag2ZCzRwtXPqrK_lOgpU4unA3WzZEjyiOyDFqFNPa6Ic.jpeg,2018-11-27 15:19:20,2019-05-16 12:58:40,169
Ag3snLNJgRZJlLt-h3iH9z6bj90s2c-8y2l-OrjqV_hP.jpeg,2018-11-04 02:19:45,2019-04-22 11:27:33,169
Agzm7RzODqDkMlSdmhJEH1aH4CxyreW03uaJOLGVmbBJ.jpeg,2018-11-03 10:13:37,2019-04-22 04:19:11,169
Agbudy_vGxZ1H_8FLSzynsH3SPziPysBUVpuDI2H-tvH.jpeg,2018-11-21 04:36:42,2019-05-08 13:11:44,168
AgCE-h2sEUqA0cMfIQKHmab3U66HnDP4Na5SHx5-iE78.jpeg,2018-11-17 05:57:56,2019-05-04 04:04:25,167
AnHkkFflM1rZXykv-kxFYD0IN75RHQB_AAJ2xDKDKDbc.jpeg,2018-11-26 15:01:28,2019-05-13 12:26:55,167
AgTQoYgEXrJOIvpPcp5stGnpiPjfV93m33NTKgpj2y9j.jpeg,2018-12-11 15:54:20,2019-05-28 14:57:23,167
AgR3GqBL7rZ0yDQr-rpmX5sAYAiUklhWAMGXC30Y-RoC.jpeg,2018-11-04 02:20:12,2019-04-20 07:39:29,167
AgtMBhRyscY1HfZPk2B6HUukOyDvL1Lk1Tg8JESy3srN.jpeg,2018-12-04 12:36:57,2019-05-20 01:17:48,166
AgcxQdDRPi3Xn0q_ATfdMuGHoVHXo7975KP81xXujP-x.jpeg,2018-11-01 16:19:18,2019-04-17 03:23:21,166
Ag1Kb-Ip1bUhnpdO0xKIxPQBm26SNJtD90vMKtqF5h2r.jpeg,2018-11-03 00:27:56,2019-04-18 00:45:28,166
Ag0K6yxrBvjXQVbyHU9zaw2LSRhc3-WUPU-fg5CVrui6.jpeg,2018-12-03 09:34:53,2019-05-18 17:31:44,166
AhOwpKQcX1AWpQRbqh5MvuUzrqBF95hBbqu-C958GVo0.jpeg,2018-10-01 05:05:10,2019-03-15 10:02:51,165
AgGhpSV4y_hd250wp_5u-pjaUSCe7dT-2XKYV4S-dEJA.jpeg,2018-12-03 16:00:48,2019-05-18 10:01:20,165
AqkOqN_HmKRcbgBfcrgBeSCLY5YqunmjfsyX_TsD8jJD.jpeg,2018-12-03 09:21:03,2019-05-17 15:08:20,165
AgCuU7IBPuVolEBNeo5w2KTMM8n7AYLoD86gpvVrSBG7.jpeg,2018-11-02 11:03:03,2019-04-17 04:24:34,165
Ah6L3JIRBIwg86rY2C_np7uqixK-in027ClfgpPriJ9-.jpeg,2018-10-04 16:51:41,2019-03-18 14:33:29,164
Ah5YJeIbMJ_8vHkPulvtqSLbXPTqltRd-f2HY1M0pO6j.jpeg,2018-10-04 16:36:23,2019-03-18 14:33:27,164
AhFPrcXNUwTBIcRrGcuJi0MGExQnHbJsOGmYS8mCYRJF.jpeg,2018-10-04 16:45:11,2019-03-18 14:33:02,164
AhC4PirpbUqao5bCZvOsfqnsl2VdvYAU5KNZIqYBtOeZ.jpeg,2018-10-04 16:43:20,2019-03-18 14:33:17,164
AgghBvXxuZmditREqB8dFBNF0Jc-FrP4ap_j6bfSzBbW.jpeg,2018-10-04 16:36:04,2019-03-18 14:33:19,164
AgclnNQ3g0dugUIjeeeeCycg5zAVmqe74eEjr8LNBqv6.jpeg,2018-10-05 03:57:14,2019-03-18 14:33:04,164
AgobpTcXm9WQLpi4HNPh1kRUnBHzG81UKpWFZS6YS4j8.jpeg,2018-11-04 05:08:20,2019-04-18 03:51:36,164
Ai-9c7MfjcidYTmxgVYM2BU_f33-9QTJdqY_wr8Z2cv4.jpeg,2018-10-04 16:36:10,2019-03-18 14:32:55,164
Ag0Maus64yx2ZuUSthNEEgFx9GP2mDItVrPscT7GNx37.jpeg,2018-12-13 12:44:04,2019-05-25 17:38:06,163
Ag24PC2U63HUUytRNY7jEvHMaPDsLdczR3eV-2oFfDsP.jpeg,2018-12-06 16:39:15,2019-05-18 16:29:23,162
Agu1VAANOhzsBrUGLr5WS9sFxRSozvsgEbNDuw6xAP1i.jpeg,2018-11-30 03:03:58,2019-05-11 09:44:52,162
AgKfn0Q2MrAhf4FMIeHWQgVpMLlit7FIFkmLE0te4-YV.jpeg,2018-11-06 09:01:47,2019-04-18 02:12:43,162
Ag2C3P7L8dcBop5p4wjbQW_da85p97JnRciUuXMH2spx.jpeg,2018-11-29 12:44:47,2019-05-11 03:16:39,162
AtvWCXeZyDd7uTvN3tF_KFpbwuMC3RtUT7p9yubtuk99.jpeg,2018-11-13 11:36:02,2019-04-24 05:49:28,161
Ag0gYMRAaTGxI1SFAVYLinQaLqF4u8YqiLyKPKH4c-9w.jpeg,2018-11-15 07:40:10,2019-04-26 03:43:50,161
Ag0N4bwx3ZgXGYFh2bTIDEolJFQxc8PtIp3r-8rcZlO_.jpeg,2018-11-15 07:40:13,2019-04-26 03:43:45,161
AgUPgsnraHYQS5fWJn_ykrug_UG0aprxYZXANpZKSjQw.jpeg,2018-12-02 13:36:56,2019-05-10 05:57:52,158
Ag5VjI10i2m0KUyzbqS5KlTYFHcRibf5u1BiiXUAH3bc.jpeg,2018-11-12 11:25:25,2019-04-20 07:38:56,158
Agf0W1ox7yG7a7e-gpiwd89CPxV1I7DzWP2HHfV3EH4r.jpeg,2018-11-30 03:03:44,2019-05-07 16:31:28,158
AgDpPzDxwJIX08JvSwpXCn0Wg6zaFj5aJ64hHkvab84B.jpeg,2018-11-30 03:03:33,2019-05-07 16:28:30,158
Ag9Rh9eU7omKGeoXpQGe7qBuKum5suT-wLL55XdtxqAS.jpeg,2018-12-01 08:30:15,2019-05-07 19:10:49,157
AhM43t_rmVz4V31a2xF6v0g8I4i1birogQ8VuVk4CyAH.jpeg,2018-10-29 03:04:40,2019-04-02 17:11:48,155
AgIysx-5Q7og-7YYUVPaUUVPIVfazN0VF82-_CddP12A.jpeg,2018-11-01 16:19:05,2019-04-04 19:32:30,154
AgMazBRhB-p-kwTtdr-FZchL8-RMR2CZ_7lN6KG4zCgv.jpeg,2018-11-11 17:17:36,2019-04-14 16:40:50,153
Ag119TvXy4DuMsfOwNRc0U0oOM-sATjUuZzN0BL00cYb.jpeg,2018-12-15 16:43:20,2019-05-17 17:01:21,153
AgbmzWPimQwRp2fX3xVttX3oEY6fY7nq4JL-Lw9zpAtq.jpeg,2018-12-07 04:58:06,2019-05-08 05:28:32,152
Ag_4sFEGHQH4-8wEP6N36y3IMZ-p7-Pn59Ex94uQmt5Q.jpeg,2018-11-25 07:56:16,2019-04-25 01:42:15,150
AgQ63qodgUuaGQ4Z5Tz2XTZpbyN38G-wYKUuxh3DRDRv.jpeg,2018-12-09 08:06:03,2019-05-08 15:11:32,150
Ag0nDQ3uq9VeYm90dsYRyxT6zYClz7P5qsS2Me00m1hp.jpeg,2018-12-10 04:27:58,2019-05-08 05:28:42,149
AgAm7yjSnm1G2IuI_trrGvU-SnB1nIpNWcOn4qpbueje.jpeg,2018-12-10 04:31:40,2019-05-08 05:28:37,149
Agat0FtUT4LHI4odKuBr0fOq1ni0gdo0V-YUC94d64NW.jpeg,2018-12-09 15:33:31,2019-05-08 05:28:25,149
AidIh4LLpD7_gWRq9wvZ-6j5A4sTIcDP26kSKAhGqyhv.jpeg,2018-12-13 10:25:16,2019-05-12 03:30:21,149
AhtLjmNTXGJWTofat4jJJ0juzH3vFHwGrJPraTeAUT3-.jpeg,2019-01-04 17:01:35,2019-06-01 12:00:51,147
Ag602IsGK97iJsJEN2A0m8XVObXNXt5cpAS_Wtzo6OJD.jpeg,2019-01-12 15:40:49,2019-06-08 17:20:32,147
Ag4zH60kGTQWc2Dknn1J-B03-7yNUpSG2YdQFALs8L72.jpeg,2018-11-21 11:43:08,2019-04-18 00:45:13,147
AgdWwTEitI0SPMNx7R-beRNZY1e-V4ZPqaTaRAIlVK36.jpeg,2018-12-01 08:30:32,2019-04-27 15:15:40,147
Ag-F35FwybrDulFCK9c58-DVXvrDJL3yV-lKUNkJBS5l.jpeg,2018-11-12 11:25:34,2019-04-09 02:59:19,147
AgCoNtLH1E1Dx6pLXjnc9LDaDYBz8N_aSJYZVKOeHJKH.jpeg,2018-11-09 13:39:31,2019-04-05 12:54:45,146
AgYQxu3_HS2SBuYNa4h35HKtOiPiG0UbNkYKT2wuQULH.jpeg,2018-12-31 17:03:35,2019-05-25 16:34:02,144
Ag1UbRTPuK6b2dGiP64TBGeBQBI54w2zerYssBXJYR8C.jpeg,2018-12-15 16:42:42,2019-05-08 05:28:34,143
AgFOJcD95aZmwiKAhYaZwsZevhF9dp9HbyA5M_RYi-vi.jpeg,2018-12-15 16:42:23,2019-05-08 05:28:32,143
Ag9u0qilTDopaOaSNFR_PjiWnRFbXkuoMVKcq3MuRZVu.jpeg,2019-01-05 16:03:54,2019-05-28 17:04:51,143
Ag6gVK73ynVdbSeRKhfrdfu9_oEXY-SN7mbLepeL4YER.jpeg,2018-12-11 08:59:02,2019-05-03 02:33:04,142
AgI29jruguehGigtdfg0qlgcAV9z1JapeonmYacKhCGv.jpeg,2018-10-07 12:58:26,2019-02-27 11:03:32,142
Agg0_0QI77-Zt0YmR-5b_-CsoCj8oR5dU44ddRbANZkj.jpeg,2018-12-07 03:08:16,2019-04-27 15:15:15,141
Ag44OLeDomAfGZJfWxetz94vQ_Dh2kitq54LmA0cli5K.jpeg,2018-11-15 02:33:47,2019-04-04 10:32:12,140
AgIxmGpVykSeZbj0D2PBHCM-0lxzSpWBI-Zmle0kE-uE.jpeg,2018-11-15 02:34:38,2019-04-04 10:32:11,140
Ag6AIZH1jIK4N7ZUlnfJ394OpLY5eAskK8tZDZ-j6_xY.jpeg,2018-12-20 07:16:40,2019-05-08 05:28:39,138
AgVKpmcQ3eXYg-d9S3cYlWPXTCFSp3jYxDnD_KL4hkfu.jpeg,2018-08-02 03:24:47,2018-12-18 16:19:34,138
AgmSlVKistFEsjmxWZJfKgzG8vXW-YWgWpwBL61e1u3M.jpeg,2018-12-20 15:20:36,2019-05-08 05:28:20,138
AgAhKhNtZTC4ENMG8HC9nGigoZAZgRzx31gnSVu8h0J6.jpeg,2018-12-20 14:22:40,2019-05-08 13:58:06,138
AgVC2pnX-rqO7cl8ayZ6k9gAKCObrRTx5bGm5q9BXeBZ.jpeg,2018-12-19 18:36:26,2019-05-06 01:13:34,137
Ag_bJCd04FKLNP2C9osKqyGDGK2T8pZZ-3-u7wAx1ezZ.jpeg,2018-12-23 12:18:57,2019-05-08 23:24:31,136
AgCuZWgaLLUnITZTVD46sW_t_KhAp0RPao0pnJf8WcVi.jpeg,2018-12-23 12:19:38,2019-05-08 23:24:26,136
Ag6m2lsdnwW2pNbhgZLKgwZYlk8nocy2PENGvSpLXllg.jpeg,2018-12-06 12:43:08,2019-04-22 11:37:26,136
AhCxw5dk9Vmgwy2k38VZOcu1bNXjr-UqgQEB0D_6ib4a.jpeg,2018-12-23 12:18:54,2019-05-08 23:24:34,136
AhM14T3PUOYEr9bkAF3nYSIqRsP01rMzjUNDBBPdhK_D.jpeg,2018-12-18 17:18:53,2019-05-03 15:33:15,135
Ag4OQl08JQc9ZfA-f7PiUEoJZ2kwol4hkx7OJFggpcGf.jpeg,2018-12-13 18:04:38,2019-04-27 20:18:04,135
AgjQvEkJYkh_wCxgZ-AGZFUnbBgH45e1O518VFT3NKPZ.jpeg,2019-01-19 13:54:15,2019-06-03 04:23:04,134
AgwZGB2pgHv0CXtpeFh5C4aFP_aV8bbUKzAk9qkBlzP6.jpeg,2019-01-26 15:38:21,2019-06-09 14:03:15,133
Ah1N3Wp4LIAewNWdAsaOMTfAIfQOhrqBRUyUBPBFYR5w.jpeg,2018-12-22 03:00:25,2019-05-04 04:01:10,133
AgajdJYAs3Hm8KZwhFRdGv0r2XFMmU8FxdcuA_vpEptl.jpeg,2018-12-03 09:49:20,2019-04-14 15:23:00,132
AhjdnyFiog6W4oQbv_bhc0zvBu4r_qFS4AOVfiSdCSsc.jpeg,2018-12-13 13:49:20,2019-04-24 10:48:54,131
AgKAWWREIxOyFGZ7uz-vVTXXcWS4aVADISm6WGtE6k-j.jpeg,2018-10-27 13:48:03,2019-03-07 07:24:28,130
Ag1L9MoX-BPSCJCv9_NyCda4nwzhda_7p6B0hF_4G1oV.jpeg,2018-11-28 17:27:33,2019-04-07 17:24:07,129
Ag_Bm9W9eSxEa0qOYQMjiuRSyJNRxVOC_XwodRD-XbAu.jpeg,2018-11-28 17:27:29,2019-04-07 17:27:06,129
AgKXsijPBbAngbl1SsIqQcSwHQogMbNqAOm71tEiC1SS.jpeg,2018-11-28 17:27:32,2019-04-07 17:25:54,129
AgIcgmZBB0j3vCw93ojoxhHTfDSiVZ5-Gp_Dt81kyXEd.jpeg,2018-11-11 17:17:45,2019-03-20 15:12:51,128
Ai7DrGxRBar-YgfUZHeoVBed8sfYkGJSo5toa7V_OaTQ.jpeg,2019-01-04 15:38:57,2019-05-13 10:45:56,128
AgN25Wil2wZcLK7a5lxvLHA3DUczG5h1ULO2ReILdA-A.jpeg,2019-01-04 15:39:27,2019-05-13 10:45:49,128
Agoy2uOnor9eQ23SNcaxVu8Uss4IDVsGOiE6YNb6_5JU.jpeg,2018-11-11 17:18:03,2019-03-20 14:59:19,128
AgGrlPgsyptOqguSP21euqUbwHs6_ey3K3FzuQLpItTT.jpeg,2019-01-25 05:58:44,2019-06-02 03:53:56,127
AiGbiy2DXheNw5GOS-hMArEPfxeqxaNlnz5qM992HOXC.jpeg,2019-01-20 14:10:22,2019-05-26 18:41:10,126
AgDJ2tpyKfCKTKht4KS2EoAxKyeju8IbPbM3lgsSn8fI.jpeg,2018-12-19 05:26:54,2019-04-23 20:24:46,125
Ah4U-eMzRmnaHYbSUTJw9xgWX_60GulRoLVeUvh0l_Jz.jpeg,2018-11-19 05:34:48,2019-03-23 18:17:35,124
Ag2kPJGxoXMhBOma7VVQKKIAaizGNj6M7z4BP38qFATB.jpeg,2018-11-16 17:57:14,2019-03-20 17:26:49,123
AgOjtKyuwDaLvX0HbtnL5BsoCNFcLFaBbaOSlUJa9hbP.jpeg,2018-12-15 11:12:12,2019-04-16 17:17:21,122
Agch2q4hkVEMSQSLq8-DzjdvFq87oJQd0jxj6nGGyjxn.jpeg,2018-12-23 12:19:29,2019-04-25 08:42:42,122
AgJotY0lkJcXmaiL5EPkpgxPwqU3VAv_qtSlzC_GFI_O.jpeg,2018-12-15 11:13:33,2019-04-16 17:17:26,122
Ag-RT3wk-UT8sdlPpQ5_0KbSq7zCS7jMDG3_idp2pzh6.jpeg,2018-12-15 16:43:17,2019-04-16 17:17:50,122
Avh2a5GeFCnFappb2Rri1E6iKO_tGRid6dT6f9_w_F0d.jpeg,2019-02-10 08:29:27,2019-06-10 17:21:01,120
Ag7IrjZ9EABdgpU6HQ8D7IpjWSpe1ltcMsZjv0jwjgf5.jpeg,2019-01-08 09:06:10,2019-05-08 23:24:58,120
Agz1RY-LPVjvxanNu-5OslWVDeGFuT5BoFJYEVC2ufek.jpeg,2019-01-29 11:27:22,2019-05-29 00:00:00,119
Ag0Eoz2cV7ZYH1oVpB0LS3qYVA3u4clV0FzoAMYIYggY.jpeg,2018-12-19 05:26:43,2019-04-17 08:37:33,119
Ag7ZvkFLLH5FoWt6zGqzeh-QQjq4A39534bVsQJCeXtg.jpeg,2019-01-13 10:07:03,2019-05-11 14:09:13,118
AggKS0btwuMSVPuOGx7Tg0m6EUXcDbz1fRuiiSF0L50o.jpeg,2019-02-05 13:58:09,2019-06-04 09:51:01,118
Ah7JREE4waTCZafoIWt-pmep2ha40wM0SWcrtAIJY11I.jpeg,2018-10-04 16:41:42,2019-01-31 15:14:14,118
AgAOXNN5koux_UnUyZqPIzdH52Yo_YGgrMU3Av45boJR.jpeg,2019-01-04 15:38:47,2019-05-02 06:08:59,117
Agwlm7qjVyhfSlPUKBXLLUCWUbinTvJZ3z08lwqk5U7k.jpeg,2019-01-12 17:31:53,2019-05-10 11:14:49,117
AjfF8m1vECZUq6cGGzgr3KxyEWmZWokt0dhT4sH40slg.jpeg,2019-01-04 15:39:24,2019-05-02 06:09:38,117
Ag-eKhqpHHfM-IHevemTtF0bIXGLIIAlypryLbSntkjo.jpeg,2019-01-30 10:46:37,2019-05-26 15:45:29,116
AhaUbW5jml5JQUpsGJ24bFKDaFGLBcSDLMxt1Ohisulf.jpeg,2019-01-15 14:07:24,2019-05-11 16:32:43,116
AgBmm-b7znxSU38u3DxVQqg33dzC61zKVFgw8CAIS1L4.jpeg,2018-11-30 03:03:23,2019-03-26 18:25:23,116
AgD4XkBByCl1Kfu_1Ggt9K4v-jNUgwolQzuKKsQVUUeI.jpeg,2018-11-30 03:03:29,2019-03-26 18:23:15,116
AqSauKi_i_4V1oFosCmAXO0ZEpbHvNXa-dzMNff9wtrr.jpeg,2019-01-31 06:42:09,2019-05-24 14:58:26,113
Ag_03_zCikWIdryKPjSCGsBEQ-s1abSF-bhyxpkJdZba.jpeg,2019-02-18 16:33:05,2019-06-10 16:50:37,112
Agqt8mL2GUBpvFH8bXk5UwoCFocani8G75zUFHNc94lG.jpeg,2019-01-21 16:55:14,2019-05-13 02:11:28,111
AiCVDG0GTqAEub7yCAVHj3cF6zPI3ILdLGsPAE4ZKRci.jpeg,2018-12-22 15:37:19,2019-04-13 00:48:27,111
AgHID9CCk2wJmj25ja7DBJmmdezIeFdNn_mIak9x8gxI.jpeg,2018-12-15 11:04:33,2019-04-04 18:19:27,110
AgnTcw7JHVHE890ZMt8g3uJ2Owy-WNprfyKpUXqYVhHb.jpeg,2018-12-15 11:16:51,2019-04-04 18:19:02,110
Ag0yYk91G7PZX3q_taPMN3oGmf83LxbXpqZ8dLDheI7h.jpeg,2018-12-15 11:15:42,2019-04-04 18:35:45,110
AgYfLKFEQV_EP5D01AFZPxg9et1mBUjrUKJQGrzDK_kZ.jpeg,2019-01-27 18:18:23,2019-05-18 08:12:53,110
AgkYkGiByimAC8mh5eewnfX64-EA-wMNByVOSA-GRfWN.jpeg,2019-01-07 13:40:50,2019-04-27 03:13:22,109
AvGywZz1se4pKU--Zu1kR3et5Exa_Q0IsGm4SNMgbHsY.jpeg,2019-01-23 06:02:53,2019-05-12 17:46:08,109
Agr2icYlJTVv9cxz9yq-h19nJ-Y4ofnVxpWuSRxe9Tbt.jpeg,2018-12-19 05:26:55,2019-04-06 13:51:58,108
Ag8ve4JV_3v-Y4r-f823y0iCHi7hJ6iH_eE0S626bdP5.jpeg,2018-12-19 09:56:31,2019-04-06 13:51:50,108
AgMVccb7IKoNcbidNAhwVjfUqxInDBGH__6crCBsF9B9.jpeg,2019-02-02 11:47:51,2019-05-20 15:27:06,107
AgEOcX6dVAWyRcKSKQNKPf3gIJTpIJJcfbGBDggms07n.jpeg,2019-02-20 02:01:21,2019-06-07 14:20:57,107
AhMwb7wW1WWf7-9_heItrQSMq6IU5dsti6deOfLfwDD2.jpeg,2019-01-29 12:14:57,2019-05-17 09:21:34,107
Aj5Au4o5VHwW44OpkR9OWJgg3SMiO6PElnB4tM41j2gf.jpeg,2019-02-10 03:14:20,2019-05-27 17:13:15,106
AgpnmtbmfesLrRoNFeXIOI-Fx-hsgF2vQpB_8kvOnGhq.jpeg,2019-01-26 13:15:52,2019-05-12 04:48:11,105
Ag0o23ND_SXBmkWLZtyBt_eKbhZGHfyltguXYhwmT6jO.jpeg,2019-02-07 07:09:46,2019-05-23 14:59:16,105
AgvdoZaSMPnkrrZ3zIakhmCdIMBG1nMpCbJS4tJfrZwK.jpeg,2019-01-21 10:22:38,2019-05-06 16:59:09,105
Ap0n6RHY73o1-BiH_HuI6IoG6bONGaN_HyZuATY7uFu4.jpeg,2019-01-28 09:36:08,2019-05-12 16:18:29,104
AhNgood2efhsgpOrDyCWRUGyAbX1xqqv-PblqqMRQ88q.jpeg,2019-02-17 08:32:13,2019-06-02 07:00:58,104
Ag0fTL0OolouPnRC4AHM0ldjRgZm5HljOB6nZHYBItcS.jpeg,2019-01-10 17:58:54,2019-04-25 15:13:01,104
Ah6cJFddz83uDc9LewMVNfY6D28gzN9Wx298ee_CoLKE.jpeg,2019-02-14 08:06:36,2019-05-28 14:27:25,103
AgtcWOiCtbsDdiJy0bePzmV0jqK34-aA0V70aUmCI0_Z.jpeg,2019-01-29 16:45:33,2019-05-13 14:19:08,103
AgBpqNjQKaxBvHBCdvgJcFeDEM1nFjzvDp5zZvHgqgRL.jpeg,2019-02-11 07:09:51,2019-05-24 11:08:36,102
AkjBVYAfczB-aivGGSm11ih1PoQ1eefem4JcfWnfSgh2.jpeg,2019-01-10 13:39:47,2019-04-23 10:30:25,102
AgWt7A_9T6Gttk-XvATHgFJQ3VgRiMvVLPhkwPa_u0a7.jpeg,2019-02-05 07:31:37,2019-05-18 08:27:16,102
Ai3K3eYqfm-O8eDwqUJHZA5Vu28MdjlODuZZ_8yHcHTI.jpeg,2019-01-08 17:14:58,2019-04-21 13:56:42,102
AgdeZiBDDpZ8WfvXQkzulOYI81wnEmaEygEb7YyMCE-w.jpeg,2019-02-02 01:28:39,2019-05-14 04:23:05,101
Ag2Xan5GG_HLNMHzijn38XUzE9nBxZkua7btJ8b63X2O.jpeg,2019-02-15 12:20:49,2019-05-27 05:01:42,100
AhceKXi-I0oifnFTuXpsls4U5dsZSnutTZDIn25zHEeN.jpeg,2019-01-31 02:09:20,2019-05-11 19:16:33,100
Ah2ufwYAcGeWiF3mt8vOZLjikLDJaF6xPCmJsRrd9jbB.jpeg,2019-01-12 14:56:10,2019-04-22 12:05:18,99
Ag4yne_aAvBXPE2XACPRhOBW8KjwvxhtqhGF49Qc2VNd.jpeg,2019-02-09 00:30:35,2019-05-18 17:31:38,98
Ag1ipwLehYbPZGkBFR4zxqbwdkAC3G0UQ-HfNDNzTr6_.jpeg,2019-01-30 07:00:36,2019-05-08 23:24:57,98
Ag3ppk8fjk1gGH5w-dgoh6sOuyC5wfS9KkQRpf-2n5w7.jpeg,2019-01-30 07:00:37,2019-05-08 23:25:00,98
AgQ6LXubUtJwTHSOKgpGZSVhmQjEVy-fXgwO-amewcfQ.jpeg,2019-02-08 17:06:58,2019-05-18 16:27:55,98
AgA05sij_USg5O8KHsE6MBs0BnZWQVnOx0ea5x_8T0_1.jpeg,2019-01-30 07:00:30,2019-05-08 23:25:06,98
Ag-hd-dfeE7v06fKu6hr23-9jyV05GdqSRsdpv5sAok7.jpeg,2019-01-31 15:11:31,2019-05-09 05:41:48,97
AgogAtxY5suBxHU-OZ-wtj2fASs_jQyj8QuRN0OE6x1g.jpeg,2019-02-05 15:07:03,2019-05-13 02:41:17,96
AgLqVNKrwQ-rr8Xwl7NgWSFPEUKwEppTOLeXgnX3RyDZ.jpeg,2019-02-02 16:43:09,2019-05-10 03:31:25,96
Ag-e3oXCjf56hLTwJCxLH3G9AMAHwlDYE79dCzaTuf9K.jpeg,2019-02-01 18:17:24,2019-05-08 23:24:59,96
Ai108HiOr-XB0UBSpVsxAT0eKKy-jnmUR77pycnWCzU9.jpeg,2019-01-18 09:01:01,2019-04-23 20:24:13,95
AghcTLyAF-hMVn55mhqNPv5Q-f4TrULsC3eeRA8jV0Dm.jpeg,2019-02-10 16:28:37,2019-05-17 11:11:59,95
AhkqeZNGR0XIkyjrcnMBg5qQHYVp17Lg6sFK7Gl4oECB.jpeg,2019-02-07 16:23:06,2019-05-13 16:48:33,95
AgAzUgqPMO2C50lvbL7FX1-pQEgR0vAtrHg5DmsqzuJ2.jpeg,2019-02-08 12:30:32,2019-05-14 07:33:42,94
AgxNWzsR8m4vZPSkn9vYAaN4VIriGj4_4CP1KSKrmFmO.jpeg,2019-02-17 17:12:33,2019-05-23 12:45:15,94
AgzQvuoXR_Gb4PVAFW5ToN1cZyUQI1voRdiLDacxrTda.jpeg,2019-01-12 17:06:35,2019-04-16 06:47:32,93
Agg4rID50p6kOu_jS-T0WpECOcp6TwKaiESl_WQ3zsTc.jpeg,2019-02-13 12:38:25,2019-05-18 08:00:27,93
AidWGZCNyBfySWk7EPwVLiFT63vA2q2LZJ_3IUFSnqR_.jpeg,2019-01-26 10:06:18,2019-04-27 14:59:05,91
AjkWMw5ygibD6SgD8gFedykTx51gOPlIGwYiqPjkpDMv.jpeg,2019-02-09 14:28:59,2019-05-12 10:15:47,91
AgYfnuhd1dKryna90giObfJVjcqExK8bnoji_v0rlkRv.jpeg,2019-03-10 07:59:35,2019-06-10 04:52:17,91
AiQSxfAnrG74zlGnhSEkd5AVHvTgE6FJmcxy_DFw1nUw.jpeg,2019-02-01 16:42:27,2019-05-04 12:56:21,91
AgSkrDjn7Skn2Yd1Xiu9dcCDGipxHPyM-QDGWhEYrKSr.jpeg,2019-01-08 11:37:10,2019-04-09 01:03:24,90
AgG6YLUXOVFB152f_RwgZqUBLdnUGUjPHnciuq3tbrF_.jpeg,2018-11-15 02:34:32,2019-02-13 17:41:40,90
AgohP_N_jsddhXwW-QI00rTJRRQ0d_MHx9bsYaAy7-qU.jpeg,2018-11-15 02:34:39,2019-02-13 17:41:41,90
Ap1MCLI-fEfOrrqrJekU-sKA5JcWiAxvxf_r16oXJVty.jpeg,2019-01-18 14:20:59,2019-04-19 14:13:34,90
AhB8RhLsPfL_I7VPzemqjrqhDfFnfzUTrV5Ar1uA_3oj.jpeg,2019-03-11 17:05:24,2019-06-10 04:50:22,90
AgaKmf0sSe3jrD_U8GiwSWbkEsZqAvWZ-FmLhZEeL6kN.jpeg,2019-02-07 12:28:29,2019-05-09 08:42:53,90
AggnB06iy_8CReFLuoYCWZuECypSru4q-Y83tzEaijel.jpeg,2018-12-27 10:21:33,2019-03-28 03:59:39,90
AioxiLuCiGzGDmcq8MPB4QnDHCzYx14uP8WOGBh-7xCY.jpeg,2018-08-20 13:39:23,2018-11-17 16:03:35,89
AgbyN03iseZc5Di6Vm1QUXPjj27QrsoO1GK97s6SntT6.jpeg,2018-12-15 11:05:43,2019-03-13 16:33:30,88
Aid5yZGie_fMKTieBZjUbpBKgwHLZPHo0656VsRF3-X9.jpeg,2019-03-13 20:56:54,2019-06-10 16:41:16,88
Ag3VT4Q-mxlYheCkrhay7iF-5IxmANskVkvWAAlfGYln.jpeg,2019-01-30 07:00:27,2019-04-28 08:55:04,88
Ahk6yZfihA6p99WA4G326rqWTv_xrnOeKzggJYyju8FV.jpeg,2019-01-20 17:12:15,2019-04-18 07:09:17,87
AgFUOIeXVmDx_dYXNlSqI2FkWnhYVtcal71LoI5KKKAH.jpeg,2019-01-20 17:12:24,2019-04-18 07:08:57,87
AgBTffdkDyB7sRTMR5zYriCGYMUo5diFty8bmbbqBIq0.jpeg,2019-02-17 05:38:53,2019-05-16 03:04:09,87
AhTK9yUAXG-uCqnonF-HOz012c5Y6aiMEWmDREdUTcJ9.jpeg,2018-11-16 14:22:50,2019-02-11 08:59:05,86
AgFtoRIqqVL013kgLSF5Kvzg_981_nnWSlNtZqx_nrFA.jpeg,2018-11-21 11:43:32,2019-02-14 13:12:45,85
Agy7PdPYHpmVXrkDgE9_6Qbde7I7E8DpTqxFQk1wgDRG.jpeg,2018-12-22 17:27:22,2019-03-18 03:01:36,85
AgiuXWrchpxhPq3HFSbUgDob-k1qikXfmXB-rpVpcuhC.jpeg,2019-01-09 14:17:14,2019-04-03 14:27:50,84
AgFb6Bie4EgIIH9jy51-O2F_By2yXmGM8m4vhkUAng03.jpeg,2019-02-11 17:29:00,2019-05-06 04:38:34,83
AgPEWZclm2UoCcTyo2f1FDyIITh3U-fWCxA_TR70Auzf.jpeg,2019-01-30 07:00:29,2019-04-24 06:43:57,83
Ag0rFcUs6S4DF2EDbpCpPx71FjLeZLhHTnmgA22ixare.jpeg,2019-02-12 18:56:52,2019-05-06 01:59:17,82
AgAoYGf4APysMryaYonfmResUG129lOl8lkBXZxQ8Br6.jpeg,2019-01-18 07:43:50,2019-04-10 14:59:12,82
AgcyJeS3KPYgpth_bie62NPvygmQeELDkI36e9SxtxVU.jpeg,2019-02-10 08:29:20,2019-05-02 15:12:26,81
AgcMkowrbGWU606UuB5XVxlfeMxXxZUtK_2SqV75NQt1.jpeg,2019-03-13 14:22:11,2019-06-02 16:04:52,81
Aghe_biLeaONhPnOFrU0szfVD0bHoBm52xmlj9eRIvAu.jpeg,2018-12-16 16:36:43,2019-03-08 15:03:46,81
AnGbyA_0v0MxlStcXy1ZP-qq47H8oIYbAJl15GJ5QSVn.jpeg,2018-12-22 14:18:07,2019-03-13 16:35:51,81
AkInczPy8V8pQpLgsdCe7CpwCdRmNAbRPMPsshWSnkCh.jpeg,2019-02-11 08:07:30,2019-05-02 15:12:19,80
Ag6ML68e2eDaX7PBvX7hTEdVW9UW4_byKbx-PBV8RK6j.jpeg,2019-02-09 07:20:20,2019-04-30 14:54:48,80
AgE0tTxAGpZAAGeXuG8DzmFmjZlf6fi8B2IyC1Y4_8u8.jpeg,2019-02-09 00:43:36,2019-04-29 01:37:11,79
AgQV6FfT_FXLrOltz7VLNQGAytlYQmikwW1C3s5dv3DZ.jpeg,2019-03-18 03:19:15,2019-06-05 03:43:31,79
AgJ0N8Seve30NX3YOSOxTCrbO8flFOjDSREXfGG4IQbb.jpeg,2019-02-15 15:39:00,2019-05-06 05:21:27,79
Ahm2ig_SMykanX_7knL2a06VXqd6plB5cjZmGwImqcVF.jpeg,2019-02-05 09:43:27,2019-04-25 03:44:51,78
Ag3kI7fGoP88ylDvp7011gapSy7YUERW7pT6gptZupU0.jpeg,2019-02-17 08:44:47,2019-05-06 17:48:18,78
Ahb0mhaUgFXQG5DVrp14DQA-y1rQE5xzhuVD0lyz46wY.jpeg,2019-01-11 06:58:20,2019-03-31 01:49:32,78
AgFr_jPzwSdYhI4SI4S4YD0rV6gD4nB51XmHsfk_C7fx.jpeg,2018-12-10 10:50:40,2019-02-26 11:24:35,78
AgXDN6wt9joCyWmVaokoZbqcI7ETxspx0UdMkNLiDA-8.jpeg,2019-02-15 18:12:38,2019-05-05 16:06:25,78
AgncUoJkET20B6eVH8RHk2HcT6fR9I4j8lq6Bo244VpO.jpeg,2019-01-09 10:52:59,2019-03-28 12:27:33,78
AgkDgtig1h2qPAZn7_P_h106FVrGGm6N7Gbe0x-2suYk.jpeg,2018-12-17 04:23:33,2019-03-04 14:41:29,77
Ag2t2jxNgX-l9uQR1PDO1eKRaN7q65LiXh8b_uAsZvtq.jpeg,2019-02-11 15:55:55,2019-04-30 12:19:42,77
AgKbNtSulVRVfYiRihbBUvNA8HjxlYJV0RpRr_VBEc-d.jpeg,2019-01-28 12:12:37,2019-04-14 14:35:38,76
AhG9eYOV-TW-rtSK5FiNm7Q4lcvlhSrvmyk_ZaL4Tsxs.jpeg,2018-11-29 09:48:49,2019-02-12 11:19:30,75
Ag65_CnUj5LYeGEwwvyFueapLiwlRlk_7OEboLLRIPED.jpeg,2019-02-01 06:00:10,2019-04-17 08:37:31,75
AgdJuobYbJpIF7Y2ah49KLyJB_WMilDI0yJx2kRhFKLy.jpeg,2019-02-01 06:00:00,2019-04-17 08:37:34,75
Agd6fuEDW_dnhOypDgvio-f5a3VtyxASSqh5QC40BkmT.jpeg,2019-02-01 06:00:07,2019-04-17 08:37:29,75
AgRTiEBGRxaQYnrtc5yMIkQz-ppjYxfQ_aoxvxvCjU2N.jpeg,2019-02-01 18:58:44,2019-04-17 08:37:38,74
AgQB52GHMLCwCS-TICul1kKqiBqyBEESQ8uVzi2HPAE-.jpeg,2019-01-20 15:46:07,2019-04-04 18:17:32,74
AgKXd1stIc684X6IMaKko8Zj1LJQcEsq_PhK-tY2Sgi-.jpeg,2019-01-20 15:46:12,2019-04-04 18:16:32,74
Ahb-W5EaHd3Ak4w_Fv7tI8d6CjcqGCcQ8DR1I4l88eHO.jpeg,2019-01-20 15:46:17,2019-04-04 18:47:21,74
AgZHMy579EiQfozuUsFjWzAWEdjswjVGs9ijxHFL_APA.jpeg,2019-01-20 15:46:23,2019-04-04 18:15:09,74
AgZrVf8oxvLw8ZavaSkC18rDuD9k4uLBG9DHwe7CAWaW.jpeg,2019-01-20 13:05:43,2019-04-04 18:15:52,74
Ag451YfURO-V0_z4YNI3LLDzar8S5WimrYreEtx7qqwW.jpeg,2019-01-20 15:46:16,2019-04-04 18:22:17,74
AgP1Btpzy5DG8yr5t-UiZjrA_-bJYpyLFhQ6u4xCFdlO.jpeg,2019-01-20 15:46:21,2019-04-04 18:46:58,74
AglxiSc8JOTGxRf2iG4qcZkCj_RSep0Emo6mLW5hTr8t.jpeg,2019-02-13 15:03:17,2019-04-29 14:08:55,74
AgpZofBRjJ4QKKhnO0SlN4FSJwlhJclB2ttbPblovhfu.jpeg,2019-01-20 15:46:09,2019-04-04 18:14:42,74
Ah0hb6Txg3xAvavhEpCAatBVvPgPEF5oxA9_fghadeGJ.jpeg,2019-01-20 15:46:19,2019-04-04 18:47:33,74
Ag8I_FBqDWfesoNUWIOzqGLEz1fuxV9Lz_pvIuErHBlH.jpeg,2019-01-20 13:05:40,2019-04-04 18:47:39,74
AhfjF2unsxUX9SS86TANySTySNrxF77OfVcn8zOR5e2s.jpeg,2019-01-20 15:46:10,2019-04-04 18:31:29,74
Ag1-0vvYgI6kNjM86OXi_MUSViK72biFi4UrcQe7WoZ9.jpeg,2019-03-03 08:16:24,2019-05-15 14:06:17,73
Ag8ERRXcbzfhHiMX6mT3dktrXW-Rrja9TGHKDACXQwjP.jpeg,2019-02-18 02:26:42,2019-05-01 10:58:37,72
AgYhCLwNCuXhQR6-q6Bac1DTMSq8PeZsg4AYw93wWZ7S.jpeg,2019-01-07 13:37:12,2019-03-20 06:59:20,71
AgAmsnsSJZvf28y3phMJmsyAdVj77E_vLGaxWQkswFDE.jpeg,2019-03-09 05:12:51,2019-05-19 05:51:20,71
AgGmdpBK81a1Vjb9c6TnibEHKtQTGDNXnumjvKQ_xjOb.jpeg,2019-01-23 07:37:38,2019-04-04 18:16:13,71
AgifTj4P0a92Aj1joCPSMT-_jUhfesYXiq52F42kUEHh.jpeg,2019-03-07 16:20:14,2019-05-18 10:37:27,71
Ag023hG17-F32WSpsh3CxKxzaiDw1s0wsmDt7snjogrp.jpeg,2019-02-18 12:50:02,2019-04-30 06:43:57,70
Ahc7jZH0WCwmP1c11zgF_2VZY7qZiCAff9jTkFHLYlSn.jpeg,2019-02-05 18:50:48,2019-04-16 08:06:54,69
Ag4hvE1XnuHi9XIXTGVUGkdcl4p5wsi0ikr8Ar5UZKCI.jpeg,2019-02-13 15:35:34,2019-04-23 20:24:06,69
Agtctl7KRcPB5aGelSU8QLnHSy67YLTuBH0yYYYA26gH.jpeg,2019-02-02 15:02:12,2019-04-12 17:18:11,69
Ah6rWbe6OK6N2HJVQq8TwdXujPqZJY6zTzxHjDesHAce.jpeg,2018-12-06 08:23:42,2019-02-13 14:43:19,69
AgcLMvcN8ZEK8LchYVWr2FmOU3v_By87voPslJWsPlz9.jpeg,2019-03-08 12:09:07,2019-05-17 05:18:42,69
AgC5M7MMMXr5gF4I5klLqi0b5E663znUiYtjIeGrsW_P.jpeg,2019-02-13 16:43:48,2019-04-23 10:25:19,68
Ag5mBGiu1YqlVy9PgVLka5AiD1iFb_BVEOZqn2EkMR0r.jpeg,2019-02-14 15:11:32,2019-04-23 20:24:08,68
AiJ1M54tyvKbcd2B_7-Q7hPnNN9csmQI-HWr4RomfdsF.jpeg,2019-03-18 06:43:43,2019-05-24 10:02:10,67
AgdZ5bihQfD_tKOUyKET-kWvnXk-v-X2xJH7owr1w57D.jpeg,2019-02-17 07:25:18,2019-04-26 01:01:29,67
Ap5PrCOjar39aQFRDvLc_FUuRwBtakdnPyv1fPyMfPtU.jpeg,2019-03-10 17:40:16,2019-05-15 18:41:35,66
AgDmkRNhXbMXu7ydB8NwNT11tg5OTVSW2-cw5KGnxZKU.jpeg,2019-02-17 13:10:04,2019-04-25 05:41:31,66
AhACerCsOZxFNZiHNQIg3B9eum7PxxG6FUjAm37_DAUL.jpeg,2019-01-06 15:47:21,2019-03-14 13:22:06,66
AgKXPjLUTbxRe09geEvZcyePF5IjtOCC3tCtnH-29Lz7.jpeg,2018-12-02 06:30:03,2019-02-06 05:57:15,65
Ah4EzeTD6AYF8IBxf8T25sb6ltoYvvWPVaRtwr9oi2RE.jpeg,2018-12-01 05:53:49,2019-02-04 13:25:35,65
Agg83CAuU-F4va7r70UH4YFfLa8Zh-w3KV4cu04mQbyW.jpeg,2019-01-28 12:13:10,2019-04-02 18:16:48,64
AgS6zZDlt5bBFgG_WoJzuoDrA0tjrIzh3HUkP9PV5CoZ.jpeg,2019-01-28 12:13:16,2019-04-02 18:16:52,64
Agqr7uJyex_OeWZqeWJaRruh4rCo0TqqKAnOfSZy6L8Z.jpeg,2019-02-05 09:49:56,2019-04-10 15:57:02,64
Ag0SoZd2gv9i-NDMZg8xIkGlVQqxfwj_umMBJmqyKfmH.jpeg,2019-04-03 09:54:00,2019-06-07 00:09:11,64
Ah_wWZxl8hr8TPHEeEb4cDoFBdfMZd4iV2Gvx6_sUe8i.jpeg,2019-01-30 15:20:13,2019-04-04 18:18:07,64
AgdjUg47JcFJfnP0C3WOOeftkoMv58kfba1UM_7nEwAs.jpeg,2019-02-01 06:00:01,2019-04-06 13:51:52,64
Ag8jFrRphuV46U4l49jkUGPvuBASEb9aDuSs6jTeXwv-.jpeg,2019-02-28 09:17:25,2019-05-04 00:32:30,64
Ag44lzqsyG3L-BLgyl5iPpy5l4O_InQimN6r885jnP8v.jpeg,2019-01-23 06:11:44,2019-03-28 05:03:17,63
Age0BECnhpAj9Yabmrtx7iMlaTjnjCyrF9uP9URTMBo-.jpeg,2019-01-23 07:37:45,2019-03-27 14:10:25,63
ArL1H7NjU_bq2eW9QakBPIpoycj_tjvFgwU9y8DM42Nk.jpeg,2019-03-06 15:14:31,2019-05-08 13:25:51,62
AiBfY5fBY6f8_t7oQvb1pzxmuqppAgFsjm2ut5E3YLnA.jpeg,2019-02-13 10:30:12,2019-04-17 03:29:26,62
AgPHfkFFKt0cdZUd8wuJNmwr2NNJ1qJVecbuOBRjxZab.jpeg,2019-02-09 04:45:43,2019-04-11 05:12:00,61
AgpXf4O1MBx-RRg0EJ-VkPbWR9nlggTn41XyCLdYIbNh.jpeg,2019-02-09 04:45:38,2019-04-11 05:04:01,61
Aj-c--qQTsx--2kL67ubKz84r3l_-PW73mGQMnR3xGf6.jpeg,2019-02-18 05:45:58,2019-04-20 23:52:33,61
AgOEVgAIHJb8QFfHfagJfrOXba3vw1BEaDU5ISnVtU82.jpeg,2019-02-05 15:13:06,2019-04-08 10:38:21,61
Agjn_f3ngF1nqIUMmLqQYAUiAC5BjhGXTdHpnfZ5aike.jpeg,2019-01-30 18:37:43,2019-04-02 18:16:56,61
Agq4MPQU-sn_lemVsjKeQICC6YrdsUTJEQsnj6Q8ZXeU.jpeg,2018-12-15 07:36:22,2019-02-13 14:43:22,60
As88JZuwYoePml0fV6zE17WHkrWllCdoXYj5vIgoKAJY.jpeg,2019-02-11 10:41:05,2019-04-10 13:19:16,58
Agnilp4AwE5VYkG5GijOQpF0vStAvyCjKcSw3h7jZV8m.jpeg,2019-03-20 13:50:12,2019-05-18 03:02:22,58
AhPPWzc7zd8fFCXVkgfH6osCNbfvZ1vbU4leDKlL-9UG.jpeg,2019-03-29 22:26:33,2019-05-26 02:29:59,57
AhstE_0vwcwnLp-siO3vUoy8uijWr9eHTnaSAgK0CL6u.jpeg,2019-02-19 14:54:43,2019-04-17 14:48:50,56
AgG0e8ZkJOrbnpPW76nNBHyRCmvUTpq04dffqI6rQ6dh.jpeg,2019-02-25 14:48:29,2019-04-23 03:48:18,56
AgA3j6yc9OKnr9Swi_EGUtd4M66P0GUH2kQoStvX0siN.jpeg,2019-03-22 12:07:48,2019-05-16 15:46:02,55
AgcNvuyyKx0P-fleYE_o_NLf6iTbNbwstAlyU0JpysLR.jpeg,2019-03-02 16:18:47,2019-04-26 10:52:33,54
AgDFMibjm4p_ZqXG-qGDbW8tcZConYvvpeEI_e3nWEFX.jpeg,2019-01-31 13:11:41,2019-03-26 18:27:09,54
AgGF2j7XW02kWVDel61xiG0Oo-wcgcetCP7gJ-0yUWSH.jpeg,2019-01-27 17:10:25,2019-03-21 17:46:01,53
Agwk80AYDgfLktkEl2DPte2sREMA3dj-FkiotpC_-lo4.jpeg,2019-04-04 11:17:12,2019-05-28 00:20:11,53
AgEqed7uZeP0TLlYlOSuqm5TNq-WIz7sgqg957YfA1z4.jpeg,2019-02-23 15:48:44,2019-04-17 09:21:24,52
AgfQ-D8T7k0zGBGNq52iR2euR-C0Apm5SbquTaDCLNd6.jpeg,2018-11-20 11:55:37,2019-01-10 16:55:47,51
Amy9_Q9wYzoXeBi34itbq9vD0UNPD89CaSwMpaYUOMEG.jpeg,2019-04-04 13:27:12,2019-05-25 16:17:13,51
AgqXusmbvva5y4VL4QTf_1VQqprXYZxDYswQeaQCI0uT.jpeg,2019-03-26 18:13:14,2019-05-17 01:17:25,51
Ah6BtYqe33a2kg3H5P-cE1ZpEq-khzG52tjJEODgIZ0_.jpeg,2019-02-05 15:35:57,2019-03-28 12:26:56,50
AgmwQrSbO3aaqrk1IoJ_QE566m03YX1_cDe3zRBoqujT.jpeg,2019-01-24 14:29:21,2019-03-14 16:26:40,49
AgDDCU9n3npYSpK_kBLaPEjyE9etIq6DvivCryXFo5RD.jpeg,2019-01-18 06:19:52,2019-03-08 17:09:10,49
AgaL4OBMWLZ4tDAx-M8kb83oEh0TKLDdp6ZVSDLtzFEo.jpeg,2019-01-18 09:57:01,2019-03-07 15:56:48,48
AhpkcTdDbb8LumUD-73sKIuazMpnZHIZY44GTfI7Csf3.jpeg,2019-03-11 12:00:55,2019-04-29 04:51:44,48
AgDhkHT54rCwLEMf9ehDQ7yG0nWnsVuAfi4d2A7ny384.jpeg,2019-04-09 17:54:50,2019-05-27 12:29:27,47
AlBJW5ZJaU6FgFEbxOOemBK4I2pdCSAGRv9YXGj2UsIK.jpeg,2019-03-29 15:06:33,2019-05-15 16:47:20,47
Ap2Q2cx9XqzRwj0OPHGNf63Y5HQUg8mSqKgjlwwaBZ75.jpeg,2019-04-09 17:54:48,2019-05-27 10:25:04,47
Ag4OrmptJ8HUqYwmf_8TzRMzEYHB4kWAOoz8Z78HMhpD.jpeg,2019-04-01 11:50:05,2019-05-18 10:54:16,46
AgnwF4No4z5Btw0App_o6fWuqx0tOj3Nj5N0wHsHUBZ4.jpeg,2019-04-02 15:54:52,2019-05-18 10:54:10,45
AhwQJ3-r2zusEUc16ZCBDsDsyXDdqOWM_SeCosQsh7aR.jpeg,2019-04-03 20:06:43,2019-05-19 02:58:35,45
AgkhN6_hMeF14g3kXpmjr8yfyrQ_DNuTOwmGyN3V6hbz.jpeg,2019-04-02 12:01:19,2019-05-18 10:54:01,45
Ag93AuyvC3OP7l-5oLy4ZhP0Dj97vfnzttsD3ox_-pKv.jpeg,2019-04-02 12:04:25,2019-05-18 10:54:03,45
AhStMxMzsT0kl9T_LusSx9giT5spI4WZ1Uluk9cuSfBZ.jpeg,2019-04-03 07:05:54,2019-05-19 02:58:34,45
AgkBuwRKRFtnhQ040aPejOYFCyye6HGCbUYXswMIjXoz.jpeg,2019-04-02 15:54:57,2019-05-18 10:54:18,45
Ag8kuPc2VRqpblaHZL1nIdo6cQomckaejbyltZYOcDiN.jpeg,2019-04-03 07:06:31,2019-05-18 16:21:06,45
AgfhLKreF6mNTEENg1FDjPfrO6GD9Z2IY-jVqs0MYB1K.jpeg,2019-02-24 06:38:14,2019-04-11 04:09:29,45
Al9CFmj4Rw3cRtWHeN5lqpDh2g7zsbp9U5eHQ5cYp01S.jpeg,2019-01-12 15:47:07,2019-02-25 16:11:01,44
AgzV5oC7eXbrKJzCd9inLaaEk6Nf5JyGZz9WuENbzwYD.jpeg,2019-02-19 02:14:40,2019-04-04 03:17:57,44
AhnXcqe9fRWx2MQtFFmksFrljBojb8IW6I9YVr1I9l1Y.jpeg,2019-03-10 13:20:07,2019-04-24 07:00:38,44
As5-2W8C-MEdR7gzBSpEA5UWA_hkgLYutYA-M9ojfBmk.jpeg,2019-02-11 13:05:51,2019-03-26 15:55:12,43
Ag0BsUA2K28OC9a2b7yNKPaZNSDEl1jIgu95XoS0M3KB.jpeg,2019-01-27 09:01:16,2019-03-12 09:01:01,43
AgdAsqkM3RTIE3VeVOkPaJTJjPWPbb7n_O7CF2ddS5Ym.jpeg,2019-04-12 06:18:46,2019-05-25 19:12:47,43
Ag1kKQT5Ee4nlarJ3kZyXrc0SwF-yG16DBl_w051dZyv.jpeg,2019-04-04 09:24:58,2019-05-18 07:49:11,43
AgdDoGkj-RsJX3dX_YGK2OKxWbsbiMJyHwhVXhys4hs4.jpeg,2019-03-24 13:06:45,2019-05-06 16:50:05,43
Ah7g0AYoJkahk834h7S7OUZ1c-OXZ5sHLFlGoQeB-bli.jpeg,2019-03-11 09:43:18,2019-04-23 07:07:34,42
Ag01hMxFBY-zXA9Wqar4tMSmniooYmR9a4APilORGa_l.jpeg,2019-04-08 18:22:06,2019-05-21 09:15:04,42
AgDgM-PJnyL17gtFcqq2UNkP0CP91wSLy3s-SNfMQFlJ.jpeg,2019-01-03 15:55:00,2019-02-14 07:13:37,41
Agsdh89uwXTGFJ6cmnmLtB8tlQL7fTBz40c1ilYY1V25.jpeg,2019-04-06 07:52:23,2019-05-17 14:58:11,41
AhdFYj83ugS-JcxHPhr5xJ1x9A7l5W_DXTw6XU5AUgNE.jpeg,2019-04-13 03:41:32,2019-05-23 08:45:46,40
AhEU7NpE4Iqchqs2sSVRosY3hfO8aU5YfzrHrwwAxdGZ.jpeg,2019-03-27 16:48:44,2019-05-06 17:27:07,40
ArL41nm0GSa_FLU69Q5vcki9ZvYXDAMMoUox6C-i2Mpc.jpeg,2019-04-26 04:17:44,2019-06-05 06:43:23,40
AhJLnNsqbEQh6_J_tdHvlvNMtU8BhUUP56C3Ycczyy07.jpeg,2019-02-17 08:43:40,2019-03-30 08:43:23,40
AhujsAVnc86lpGJJlLjkmzvrRnQbRPKtWD-Pte1Sg6Tq.jpeg,2019-03-19 10:25:52,2019-04-29 05:59:56,40
Ah_fOdiWAZa0d4QV0AtbeRW5pPml4CFMtJMbMXWw6qny.jpeg,2019-03-28 02:54:19,2019-05-06 19:44:11,39
Ag8HHXNcnahAOymiC7x-WDgObQnfLwwnaJQ5KZGSLYGn.jpeg,2019-04-02 11:49:19,2019-05-12 08:07:00,39
AnjIJDkiDV0RFzFc85dic0lxepAiqyO3VBfxt0P2uasg.jpeg,2019-03-30 15:58:19,2019-05-09 02:54:05,39
AkePXxbuguhjH6c8oh6-i_lMlMwQw45yNonLsQC9dfxq.jpeg,2019-02-11 13:06:03,2019-03-22 17:00:31,39
Agtmaf8gKn0TWa5DSaPMygBhQOaJUqWz3dEry2w5KFyw.jpeg,2019-02-01 06:00:00,2019-03-12 18:53:19,39
Ah8UsVwzHPv1VTCsqb6sqd_a71lIRV2zWY9_7hu-lAA_.jpeg,2019-04-02 14:03:08,2019-05-11 17:44:25,39
AiTFTXtR4zZGngABcZjo-AMfW8XAwau6AHFHjE5JOOxj.jpeg,2019-04-09 13:09:25,2019-05-17 13:24:29,38
AhxBUgaT7kUsvMLZZYWYK55Gcr9-r-u2ngvwppKuXTDR.jpeg,2019-03-15 01:26:36,2019-04-21 17:37:59,37
AikiIjmJKcwy99VAOTRBTIFEYejPmhcii7Q6JOPu22-u.jpeg,2019-03-10 11:36:39,2019-04-17 00:09:21,37
AgxoynBt-XmbfeTe0MiUvssVBDl-kZusQkYtXgqjlgRP.jpeg,2019-04-02 15:54:00,2019-05-10 12:36:33,37
Agd2EGmRHWyJZLjMlyKO50kppZzRA65CyRIdnbwRcuvX.jpeg,2019-04-15 12:45:18,2019-05-22 13:44:55,37
AqS0Bi9mArxU-jK5S5cdMVQQB1qcE6B5vZLz0D5TQUAN.jpeg,2019-02-21 16:35:40,2019-03-30 13:36:34,36
Ag3EIr71X7VU3L2RLTzVLtmq4adxO1AcTHczwABUKkNQ.jpeg,2019-03-14 15:05:30,2019-04-20 07:33:10,36
AgGX7PAX8bcPWyyuCCsO9rfFZ6MY6lN1jCBdZG7JIEYp.jpeg,2019-02-11 07:00:19,2019-03-19 18:23:34,36
Ags0BqwzxPkxYNVYJB6MPYenJ59FcF_kIoje-0dYyH14.jpeg,2019-03-22 05:43:27,2019-04-27 17:12:09,36
AgRZVCW2seNqu8KUYRpRWUBR87O7fM9picx9ynp2PrNu.jpeg,2019-02-11 02:54:27,2019-03-19 18:23:39,36
AgfQAbcAkX-Jr6s-HW949UYMeHFIUTf4pHi2QU1D3Qzk.jpeg,2019-04-06 17:11:44,2019-05-12 19:49:04,36
AgkZY_Qv7rNVxrWu7GUS3TO8cyh-J00fmY7l5uMOUGvF.jpeg,2019-01-20 15:46:13,2019-02-26 02:27:37,36
AmpO5GuUy9WlanoW_dK4sKyV-psWkB2EVxuMfsqsgtpE.jpeg,2019-03-28 10:06:50,2019-05-02 14:49:04,35
AgHEAb7j-_gVggiTRNqDX8Q_FkbOHa0ep9zg9lLp5U6L.jpeg,2019-04-10 02:51:17,2019-05-15 13:51:41,35
AhphtS0bCG2tG4oYlC4fnal7XDr_1RyV_BS2YRf7kL4O.jpeg,2019-04-08 09:02:17,2019-05-13 14:20:04,35
AgFsXeMsQjnInYWCIKimR1dDJTB9frVznWofO9p_JFw7.jpeg,2019-01-26 15:38:24,2019-03-03 06:55:53,35
Ah2ksqpQJHpbPprHYvicBQ2OBpw9ztji1QqBawGCytZZ.jpeg,2019-04-13 05:49:12,2019-05-18 16:21:21,35
Arl50j7i7C6i_atiCKFTn2cAEMug75sLtUQhKLbhb0-H.jpeg,2018-11-17 16:01:38,2018-12-22 14:33:24,34
AtRJvR_DOPquOYuTrSVk4sP-M43mCdUoPknBvzooqlb3.jpeg,2019-02-05 02:41:46,2019-03-11 14:43:01,34
AhH9dSsdOnjIy8pL0nbATazDpJSQCJ57gyOptxxuc9DW.jpeg,2019-01-27 09:00:50,2019-03-03 06:55:54,34
AgjZXt6ffjFP8h_WMv1PQNYAJpSoxu26Zx_gv5AqPHUn.jpeg,2019-01-28 12:13:07,2019-03-04 00:09:08,34
At7cB6LP_Ng5ZalGGOQuZ3eWkGeSQDMttdsJ1LF0yR-d.jpeg,2019-02-12 18:48:41,2019-03-19 18:23:43,34
AqqAJI1bmQ6JExR5uKBq_4dksZs2cG6eq_ku0IgT_gj_.jpeg,2019-02-13 09:15:19,2019-03-20 06:59:13,34
Ai6mvr2tiKR4wx__5HYVE-yIYHU3lb9EJQEyHpyWI_ER.jpeg,2019-03-09 17:34:43,2019-04-13 09:31:46,34
AgpuhAHhNFIIzPb4eIOGs06MUkBiCj4RtBwtZUB7-Mnw.jpeg,2019-02-18 06:27:50,2019-03-24 12:04:17,34
Ag5GB87VwjAQePZOm70qa8RI9yt0qBmdm5y6s6JQl0B9.jpeg,2019-04-10 05:06:24,2019-05-15 04:16:49,34
Agpp-uoDUQN3hnuhSzUTki2c4qf1hLJ0OK1Cfe6Clr3g.jpeg,2019-04-02 04:28:15,2019-05-05 11:23:15,33
AiWK5s9iRApgWCasSJx18l5q5wENaTJ4n__T96JTDi2d.jpeg,2019-03-31 11:28:19,2019-05-03 16:04:21,33
AmPmRrKK5CCRvKOGp9fmrqgD4aLjPKomJwWkPjRkdRMI.jpeg,2019-03-29 04:00:37,2019-05-02 00:03:26,33
AurzypqTlBwqnmDURaJuixdIrwubjmBQGhqSZ2p5drI-.jpeg,2019-03-21 14:50:15,2019-04-23 02:41:31,32
Ah8R-EvJ7zNfJPXJXAUuLDjax3Y23Sd-Up6L8n8mw0s9.jpeg,2019-04-11 05:25:52,2019-05-13 16:48:29,32
AhDJNRGqYSP1bebUpdTRmGsSqOhe_tIchjtfT4VKezW3.jpeg,2019-02-04 09:09:43,2019-03-08 11:50:59,32
Ag7RZYMvbdOFGhI2dIZjVypp6_epU5vS0TilIjyIZqKL.jpeg,2019-04-11 05:25:56,2019-05-13 16:48:42,32
AgCgJbOU_lOgw-MxFzJaioF3svAp_Wb86FTfBnwcTiYV.jpeg,2019-04-11 05:25:59,2019-05-13 16:48:36,32
Ag6GjtQNn0qDTN4SZZuBX7WfntL5-9aKM7wlLJyVtDdu.jpeg,2019-04-11 05:25:58,2019-05-13 16:48:31,32
AgdkutaCqvOJ5eM2CmRwuiqK4YsfmUyiCCVd1FZEzbgU.jpeg,2019-02-17 02:16:30,2019-03-20 06:59:14,31
Ag6OeFTlEF4Tme3fYQZKic-4xB67s7VQJAvb2Jnk6AFZ.jpeg,2019-01-27 09:01:05,2019-02-27 11:40:20,31
AgOEfSroJWP81b86QXKF_FpLq3BRkLCEUzzIGBsd2kBF.jpeg,2019-02-08 06:19:19,2019-03-12 01:34:21,31
AiCc3DPFLCjp6NgeodACVAFVd8XYYT1z5bMMsYeOHdru.jpeg,2019-04-05 10:22:16,2019-05-07 00:49:20,31
AgGCylpJr_lDk24GFxPMdEUjlvcmPMHZSqQsqDOECs-h.jpeg,2019-01-26 15:37:48,2019-02-27 11:39:44,31
Ag5pJAn6E4KZ_WOEgtIkRn4zF3TxeZUy0SKAv3xzCBLh.jpeg,2019-02-01 05:59:52,2019-03-04 05:19:54,30
AnMagvVFaiRFbEP2boLUavutVDkoDd9NeLeA7UQNt-Ff.jpeg,2019-02-17 12:40:25,2019-03-19 18:23:33,30
AgXrBauqrPwMLVWERBREqKLfRfGrJykArF9XcYEtb_YR.jpeg,2019-03-26 16:58:52,2019-04-26 10:19:04,30
AoCNz831vSvEEUiQVnVvxSRvT-IqA69r__V2BkRTa0Ys.jpeg,2019-04-08 17:52:08,2019-05-09 07:11:13,30
AgkUaQDymhioqneWn7YAggwpFS0XbiBeMfcn6-bP8F2w.jpeg,2019-01-27 17:00:43,2019-02-27 16:15:18,30
AgJ7BIkQih2WX-RlH8jp1zDcree0P_ZQLKPAUmVoo4Cf.jpeg,2019-04-10 05:07:55,2019-05-09 09:43:28,29
Ag_8DSuQY72cLK04sOXSPlNjjn-eSmI3wz38GTqRSpyC.jpeg,2019-02-18 12:30:29,2019-03-20 06:59:18,29
AjrhqhzgcAHWPtfQDuOKs5km4SS1SN37J00OS7HWHev7.jpeg,2019-02-19 04:23:20,2019-03-20 06:59:13,29
AgKwSaGRx452RitJfwTi35smkiOFpcEd8siunJQ7y6Ux.jpeg,2019-04-11 07:50:44,2019-05-10 18:16:09,29
AgK_QfmawqnBuhdkn4AiCoE9tsiv4BMrYDTLoqIekrq5.jpeg,2019-04-01 18:11:00,2019-05-01 13:26:20,29
AgiV8ahgNSsQLxhxnjtBICSqTG6f1q5wnX777XCPUH9q.jpeg,2019-03-31 12:51:02,2019-04-29 17:51:21,29
Ag7olIt6H0SJXymkl0K6v_d6NG7Kcwbhi55qUDdGu3ln.jpeg,2019-02-12 17:28:47,2019-03-13 17:30:40,29
Ag0GhYIYPil427k-QQirwDakMG9YT9lrOxYBBV3rXn03.jpeg,2019-02-17 03:15:39,2019-03-18 16:59:49,29
Ag20q4ZCfqeSTL5e1mRUJf-wn95LSCkyriowI7mJWvC6.jpeg,2019-02-11 12:10:36,2019-03-12 01:33:56,28
AgjldPRIEEQoKeFWXHC4KzFdL9xZVbyLzJ7Tw02jP0lF.jpeg,2019-04-12 12:35:24,2019-05-11 02:49:57,28
Ag0BX4WNvNnuBjP4i4XP431iGC8X2ZoQxjSlbK0w3Gmq.jpeg,2019-03-19 16:52:32,2019-04-16 19:01:33,28
AhIBOhp3fwiVCIh4cCBuTrbmPPWo1ZB8Ms3u6EJN5JAU.jpeg,2019-01-16 13:37:08,2019-02-14 10:32:19,28
AgFffhHWNtiqer2LnqrQJl-DQZZZvjCMMJpgNwXIQw6x.jpeg,2019-03-20 05:06:44,2019-04-17 08:13:16,28
AgoJeUc_PV0U6BlOyVAw4zCJgRgOMd2rUYYr2gMPbTb_.jpeg,2019-03-30 04:37:23,2019-04-26 08:27:25,27
Ag0QU9CU2pBTSnggov_TUQpGeeD7F-OAcwAwNkYjvCM8.jpeg,2019-04-11 05:25:54,2019-05-08 23:24:36,27
Ag8u_ZqCG1A0dBZV5Kw3IjN91HiSw2s9HSYBWR6BIgTv.jpeg,2019-02-08 20:52:09,2019-03-08 04:41:08,27
AhGl65f870NoucKtSM6_cD2082L9vnG44YvTBbS9t8o0.jpeg,2019-04-08 14:11:57,2019-05-06 13:15:40,27
Aj52Gd05Qw-i2SdTgA1nTF4DYiUGS9GGwyCrpYv81bZq.jpeg,2019-02-18 18:17:54,2019-03-18 16:59:47,27
Al_mcZ14dj8PJhcpWFa1hVr9bkqc_fa47rUu5WcTB0h6.jpeg,2019-02-13 11:53:23,2019-03-12 14:20:45,27
AizfcMR6GcqcEoheDzHQhFth7iuxpRBfSoLB-emNM_HY.jpeg,2019-03-19 03:35:44,2019-04-15 15:25:47,27
Aqr3nZRO23A7FLhSAhfNIfClQC46Gnt8yZZWZ4KPOwBt.jpeg,2019-02-13 08:38:11,2019-03-12 01:33:58,26
Agqeqh3jB62ovW6gGhgNe8UVw0Whzoa7Mkrq7vz5Dnb5.jpeg,2019-01-18 14:38:08,2019-02-14 04:04:52,26
ArhAJdfO_YUkpvTxo6naKJm-fehjm0KImxSxFn1oCVaE.jpeg,2019-03-31 17:05:27,2019-04-27 03:03:51,26
Ag1B9T5xJWz3VacR3B1PYi6J1ThkbkhRo4QC5-b-_6JN.jpeg,2019-04-11 06:13:00,2019-05-07 07:45:59,26
Akj09nzQoSqWCl74EsRAp4Z6DVDnPdd7UmOlin82PmJ4.jpeg,2019-02-15 15:40:16,2019-03-13 17:10:19,26
AqPPnKR5K-5cgUK1HX3iaXDpcYfE9WtvTrlGFz3CAi0M.jpeg,2019-03-09 08:14:26,2019-04-04 02:28:31,25
AgUdo1QefA9bbNzT2Aab1cssxxbOnRclI4k-jsR98r2Y.jpeg,2019-04-10 16:16:03,2019-05-05 20:14:48,25
AgoIZ7FNg5o23KBXmqZAK-d3PIp_wINXsg0iMHjgGBIK.jpeg,2019-02-16 17:26:11,2019-03-13 17:30:32,25
Aham9HxtahGOD66nGRHXa5wGvVLtQwJooRLHyQSN-uGe.jpeg,2019-05-01 04:15:49,2019-05-26 14:06:56,25
Ag8KGGWCgIf5gWY0ZYPYRWtrh-zrHpr-kZ3gtYm0tNGm.jpeg,2019-02-14 16:14:28,2019-03-12 01:33:59,25
AsBPYNASz3qLMyIwljey_Mb47Mo921fgZgUsfyH5bboX.jpeg,2019-03-31 17:05:28,2019-04-25 15:23:50,24
Agf6gdqw2OZu3ZyLih-pofNphzJQia2WjFhe1v0mAOaH.jpeg,2019-02-23 09:47:46,2019-03-20 01:39:07,24
AggORPME3HhdbRxkNx_6mrjyOBMQAjzP4W_NGlox8_NN.jpeg,2019-04-12 16:21:41,2019-05-07 12:52:13,24
Anm5XSPRoVOd_GZlUZInWaXe8JTEcAddJzIJV2uWJxQJ.jpeg,2019-02-17 02:58:27,2019-03-13 10:31:22,24
AgWpLSfCPpoN7WcVd9DZX-j5R-_nC4bgS_oFpLy1qbjn.jpeg,2019-01-20 15:46:15,2019-02-13 17:40:04,24
AgcSWNbqwcd_Spk0az3TUY1n6rctoHtICkyqp-TyfzWL.jpeg,2019-04-04 04:54:44,2019-04-27 18:30:13,23
AgJcTkny7w81Pwe-RlfgyO0fYrf0AFCa1MrWQfGsyhp7.jpeg,2019-02-12 14:29:05,2019-03-07 14:46:46,23
AgnxM5gpqcAVFbVTP_9HkltC5EvlHDw3FDQbSHTwsmw2.jpeg,2019-01-15 17:55:06,2019-02-08 14:12:51,23
Aser1r13DUSDDX_pCnj4CRwpAwqNg6HjIFj0X4StmdM_.jpeg,2019-03-06 09:55:45,2019-03-28 14:13:36,22
Ag429KmbP_Ul5N5NcLpCckq1rmH87SA5xGBbJM-ikncx.jpeg,2019-02-17 11:40:09,2019-03-12 01:33:55,22
Aiyn1bLiCfpy0QXYoqFCIIK0LoYRWk6D9mxaFNrdwhhX.jpeg,2019-02-17 04:49:00,2019-03-11 22:05:55,22
AhonXmZdIOcyDxKmMXd-fq6di6B8b0h-2UPBqNDyOLyR.jpeg,2019-02-17 00:13:39,2019-03-11 09:51:27,22
AhMMYemLeiW8XByG0jiVxBmC_yJAyHor7d87gy_cpTb9.jpeg,2019-04-03 14:28:12,2019-04-26 08:25:58,22
AoEQQKFvlUQMUYlpbg1dSg-XQeJvo5ZGVcNmu-fH4SN1.jpeg,2019-02-17 05:43:51,2019-03-12 02:43:45,22
Aqpq7dopvqx5eMdzvgurxn34RCP4Pm2Ob_wkDzRcOnek.jpeg,2019-05-18 07:24:45,2019-06-09 13:39:52,22
Ag0lLwah_dljGjqQBegf0b9dB84vVoHSotWedilT1a9A.jpeg,2019-03-13 13:15:55,2019-04-04 17:22:29,22
AgcSsPy8eZIshCdYwbe0kUXwB2WvkLIKRwU6Maz-ftf3.jpeg,2019-03-13 04:30:26,2019-04-04 19:28:46,22
AgHjhhEd6lXketDD7ted8j5MmayDUvj32N_quAXdarns.jpeg,2019-02-17 14:44:13,2019-03-11 10:56:26,21
AgDCuamaeXoBRXTyBBpeAG5R7-m7Dzv17spsTs82KuDl.jpeg,2019-02-14 12:27:42,2019-03-08 09:23:20,21
AgHZNmVuLzkxF-HZ44s5EV5xb_GcVSxN5NcJ4M4Sjrf_.jpeg,2019-04-02 02:44:21,2019-04-23 20:24:52,21
AhKgfAuc4w13c1vfQQczsm5c25Jk63pojqOYhfi9x4iu.jpeg,2019-04-08 12:59:44,2019-04-29 19:42:19,21
AgM7TUpFr5S9hmvO5ZPw79UofFchfgjI40-2xfuw1hfK.jpeg,2019-01-21 13:22:16,2019-02-10 16:53:31,20
AiUneN7jkFGDpENvJ2Nn-iTGjaX_BzTOX7UuOp1NafZC.jpeg,2019-02-18 12:03:10,2019-03-11 09:51:26,20
AgsjH0BX_Ebils8kkJ3kuNSfV3AAydlmaJ7JJ9nItxUi.jpeg,2019-02-15 15:00:14,2019-03-08 14:59:56,20
Ahp4EAnSCuPrDZP8FRxM7Px4SYSoFUY3hua38MzHuaWr.jpeg,2019-02-18 17:22:46,2019-03-11 17:03:30,20
AgnC0p2BPvdCXPCuvhK9GoGFtSTm74U5GcOFrXFnQVsP.jpeg,2019-02-17 04:35:34,2019-03-08 15:12:01,19
AhaXtFg7dBAGSIg3WFl2CeRrPjyqXnYueluDdsr5kUYz.jpeg,2019-03-28 09:43:17,2019-04-17 01:27:24,19
Ags2abb0B-vYydNr242wGFN9Epch0IJNZr1iHArPVZF7.jpeg,2019-04-09 01:49:26,2019-04-28 15:47:14,19
AgcUq1AfgQW_pwskGyZbnkj8kGcBUcsZ-RRI47F1gWY_.jpeg,2019-04-09 20:26:44,2019-04-29 18:30:43,19
ApX1OWdgPYO6MwDdJ7jODqzZPIueZWQAw6XTLU_U64dd.jpeg,2019-02-22 11:47:56,2019-03-13 10:31:01,18
Aseq0qZ_znY_Hxoc8Z53KKQI_tJPvrYjFU2zeBIGWb9Q.jpeg,2019-02-17 10:50:43,2019-03-08 10:18:18,18
Ag0dVt042cboH22Qi9l3wi9Ivy9zTeEXj1KXKDxAzIrV.jpeg,2019-04-23 10:28:15,2019-05-11 10:37:06,18
AgAHGK8HjJw54LfIOSCYKhT4zoD1f1Pwjak8CBqcY8l2.jpeg,2019-02-18 12:39:07,2019-03-08 13:19:49,18
AgkFMAA37a0_ICTM9ygv7nr28Y-R4lHBwuudvk0ND5IL.jpeg,2019-02-16 18:08:24,2019-03-07 12:56:22,18
AhtJKKhZixlJ3resa39ECd2j4k5I-Zs1DWHyAlDwse6E.jpeg,2019-03-09 09:19:49,2019-03-27 09:23:08,18
Ag_52jb8rAJGUeWDR0g-Cc5fyz2yko5dFa9hTze6ZO62.jpeg,2019-02-17 08:58:24,2019-03-08 03:32:37,18
Ag5dKBFT3ZONYDCGQAebhYghDIb3a4kKYV6RdKwAiSRp.jpeg,2019-02-18 03:29:33,2019-03-08 12:40:21,18
AgXIAIL6jxCLdDYNv9eFFC6coc894c9XHer2bkTeTAj0.jpeg,2019-04-08 07:29:11,2019-04-25 16:00:20,17
AgYvNoNHZHM96MvJ1RBeAlcKqELzeLl0RU2NylSk7OHW.jpeg,2019-02-18 17:31:01,2019-03-07 19:34:22,17
Ag_GeOCn6SjIZeFdN0UJIC07A4JQXuHCo0BD-G9qMfnX.jpeg,2019-03-31 14:46:15,2019-04-18 14:22:58,17
AgrCKvveK59lUNeFgxE69phLEcpom2C86YipNKvy0TtY.jpeg,2019-02-17 12:25:04,2019-03-07 03:18:22,17
AhpEFZTsk5ZdcDogORH82ELu33BBWXnICviIOZo-PMCN.jpeg,2019-03-11 11:36:52,2019-03-28 11:54:35,17
AhJ4ToULXOTidx0TxnO-8Z-u1HY1EWz_CeTX16fWRy5v.jpeg,2019-03-13 16:29:24,2019-03-29 16:47:25,16
AgVIOpmvXjISJVLOe7vgt2SqvNxv5osWs0uqXeAr17Yk.jpeg,2019-04-01 04:40:44,2019-04-17 11:22:51,16
Alzm9Vvrkxp6Gt7DCY312Vf6tM0der83b1KuRyxJcTZP.jpeg,2019-05-02 13:42:18,2019-05-18 17:31:41,16
AiKAjsNKmK59GzU055lE9QRAPY4vYWwe2Zkppix-eaVN.jpeg,2019-02-15 15:08:10,2019-03-04 11:01:59,16
AgKUdi7QDNgWqf-B3vImpBuZPMqebHBgDz0u6RFFDUKe.jpeg,2019-02-18 10:18:06,2019-03-07 08:38:50,16
AgEf8lRjBhQcg60Zpxr5plmTMrjlKKGuLK0tRHjw0eJY.jpeg,2019-03-01 18:37:51,2019-03-17 19:45:20,16
AgubBWL8RTliadBn9BBq4RHWC1IWSleyDRi5K84puu1w.jpeg,2019-02-13 18:42:46,2019-03-02 11:39:28,16
AgOCHp3LyIBOfPp5H6Q_FbrzhkoiXOvLOgBuGp3i8qfH.jpeg,2019-02-19 09:44:00,2019-03-07 16:22:24,16
Agk4QUmDzPp49hRxYS_H1ISOJoOC8f7cbaTzaS9wz2ZR.jpeg,2019-04-17 03:21:23,2019-05-03 13:05:08,16
Agi7vOSckKEgWpKHkyQp99_WVe1ymlGObCIyITOsOuDr.jpeg,2019-01-29 16:27:23,2019-02-14 04:03:47,15
AgqAXrrZRedneIVn5803UwaA78yO2xNrV0rFaP4dccaQ.jpeg,2019-03-31 03:08:59,2019-04-15 05:20:43,15
Agp9V-U3WiLZHgGWUld2AX4mPmBoj8Z6cG7fUh8YKM5d.jpeg,2019-03-09 14:42:30,2019-03-24 17:24:46,15
AglK2pEU2_DfamEW1bUGpRrn1jMgfaen2miH0F7ODp9U.jpeg,2019-04-09 20:26:42,2019-04-24 03:27:04,14
AiJaG79R2R8yv-WKD8wSemGqVMSOk7fz1BXnkJ8CGJXG.jpeg,2019-03-19 06:10:10,2019-04-02 08:19:24,14
AgtAZJPJsk_dCUNPFHBi1SVhYAgwdxUTAAVnudatpKAO.jpeg,2019-02-15 16:56:27,2019-03-01 19:05:18,14
Agrh0aDGwMXiK3aPxjh0UN_nirRfdCz29oBwJ4udePZX.jpeg,2019-01-26 15:38:13,2019-02-10 07:51:09,14
AijtiIgf2PUB9QlXI5jJLF2PNThtciFu8FlX7_GULYZ1.jpeg,2019-04-09 20:27:22,2019-04-23 20:24:04,13
AgXUjscUghnv1EqD-rjSpq95QR3WNFFQs54pyvOJgJIo.jpeg,2019-04-09 20:27:07,2019-04-23 20:25:09,13
AgbSuAo0cGin5EKxglTB1HzQZ9VhS30t4rX-FsmfYOQm.jpeg,2019-03-06 15:14:24,2019-03-20 06:59:17,13
AgQ-oefKH-72mgwsjf5wF7eZFWBx5P94AZz2eU1SF5wl.jpeg,2019-04-09 20:27:14,2019-04-23 20:24:53,13
AgPiAXjT4oE9AHXmZG2lVvEr5nbQuzafRbPqosNZi1cF.jpeg,2019-04-09 20:26:57,2019-04-23 20:24:37,13
Agy1XW_f3lktEVbEGtqR08pCgtgJ-WH_zi67J8PizUiI.jpeg,2019-01-31 07:04:13,2019-02-14 04:00:37,13
Ago6EClRIJe8o5PzOPvVByTmPgPKE8TUahz0-0o4ze4x.jpeg,2019-02-21 07:32:59,2019-03-06 18:05:08,13
AusDwDQ6zQgnjnMuQhZxWD1FaZVb5U6FA1hR0NyQ361n.jpeg,2019-03-06 09:55:41,2019-03-20 06:59:19,13
AgiLert8kYlleMHMMQLwNSmQZTHAcgwW-uRVC7GGXoM3.jpeg,2019-02-14 10:58:38,2019-02-27 18:29:22,13
Ag2j5BRXvFec4HGysPp6nwGnZsP4at9N1y8WK8gCxDi3.jpeg,2019-04-09 20:26:47,2019-04-23 20:24:48,13
Al9pzh4-b927ENTrEe1vlzCP-sPiiZsduPp6ebXc1AUa.jpeg,2019-02-26 14:27:23,2019-03-12 07:58:31,13
AgB9sGAW0kHAHnOGvfknH6alWx7Dqnt9Wdg_Xgmnte_M.jpeg,2019-04-08 07:28:08,2019-04-20 12:36:32,12
AgK-1IV8P1s2VOwR8o_TB8Sx2w-p7koGfMn3cTQgp5sF.jpeg,2019-01-21 12:01:18,2019-02-02 15:58:25,12
AgAj8eULf9gksDDEs40UFcWqDwxLS0yux39HwqxVaj6G.jpeg,2019-02-02 09:55:36,2019-02-14 14:34:51,12
AhMqgirPiifJlJ6Kx7Vfztkx5tF8UxKzb2yAu-VESRnx.jpeg,2019-02-21 08:21:01,2019-03-05 15:23:22,12
Agq2sRy2N9Gya8DrmvUdQiGz6VuW--IZra9pOZm0IL6g.jpeg,2019-01-31 06:51:39,2019-02-12 07:51:22,12
AuxtBuFfEFVzsDeglhfeNWHSJKjNNeS1ALT37BXnHMqB.jpeg,2019-04-12 15:12:54,2019-04-25 05:46:21,12
AhCP1fpvvdAGL0sT8nQ9uBVEMvlpasltCe5Kql9cHzI4.jpeg,2019-04-02 17:00:25,2019-04-13 17:35:16,11
Ag85xRSSF4REj6uryfeBoK648IffyXrULtKf7Kku7rxP.jpeg,2019-02-15 13:40:08,2019-02-27 13:27:55,11
AhDAPRFmkqb0_JHHVAICywemDPp4-ytDCxincRE6qJh_.jpeg,2019-02-22 15:16:53,2019-03-06 06:18:41,11
AjOX-CDMy6db_mak5vig55iOJ5UQCeVYlCivtgAgbne3.jpeg,2019-03-02 08:12:11,2019-03-13 10:31:24,11
AgXSZLjxceGVMFoWeKmbm1hu_bIsSbzZ_H-dQHm5WeJY.jpeg,2019-03-27 13:22:47,2019-04-07 04:02:12,10
AgfNf1dYpCgm_rpraOtJ4hk4HSlVPQeMIw25e3PJhFF6.jpeg,2019-02-03 15:46:46,2019-02-13 23:50:54,10
AgdpqQZlmGpg-0LlZlf9LdRMwKLfJV4uBoalk3ll8-E-.jpeg,2019-02-19 02:37:47,2019-03-01 11:06:52,10
AhClaUN7pJjo1DBpOg5aLTrYJ3DBHyu1DUc1-eaYHiIu.jpeg,2019-05-07 15:49:18,2019-05-17 17:25:27,10
AiEeCaK0rtIhYvUYfAB3ebpYlqvgl3wPWkfyg5LjNPUe.jpeg,2019-02-18 08:54:09,2019-02-28 10:04:19,10
Al6clIJtPY6x3-VAJEbxS32pwQUsgVHY8WpTdo5DXizR.jpeg,2019-02-24 07:50:24,2019-03-06 07:48:37,9
AqPtpWT1T84vkOdLBHFtk6YtaKLAQGQOQnTBi7PAya7V.jpeg,2019-02-19 07:08:22,2019-02-28 10:26:39,9
Ao31XM2ZYB3p8oupb7QzeSwc9cU0xghNd4_joPdPwd7k.jpeg,2019-02-26 14:27:30,2019-03-07 19:00:56,9
AgmDT9oahGlIXrB1kEP-_YR_eispsJ7FkjveTcWuVmX0.jpeg,2019-02-05 09:29:02,2019-02-14 12:29:31,9
AgcCILhz9Pu2ybyF0qVqYd0MVOtn89t9L_JnlHiS4UFD.jpeg,2019-02-18 06:46:30,2019-02-27 07:11:25,9
AgCW9iTC04VWawu5gX3Ee3W-eM8MA5v0eur9VyhP4vCu.jpeg,2019-05-08 17:42:05,2019-05-18 08:47:43,9
ApW5oV7KBEqF6i9_RpseBPgirMK7JhwQai3SCQUHuq2a.jpeg,2019-03-02 08:13:10,2019-03-12 03:33:57,9
Ah27DMlU3P8z0BJJDGD4fLSoB5EdhtZcqEaWOjk9UJ0B.jpeg,2019-04-14 02:35:13,2019-04-23 15:53:17,9
AgtsGnz2t5nf3rfYfsys940bi_P9I1s7GwNNApn66Ql0.jpeg,2019-02-14 15:26:13,2019-02-24 05:12:31,9
Av8_WN97KLNdNohaOFuGSG6rfRcd_Y7WBd4q2c8WOmEb.jpeg,2019-05-08 17:41:56,2019-05-18 08:47:34,9
AgA8lvRd9QzofS-z1OSOYWu4xQABQ2xgLcTsaalUtcaD.jpeg,2019-02-17 07:39:10,2019-02-27 04:46:57,9
Ai_sQI4mYx7fVFsP7ehFM8hTY_QTAsCNGKyW5Eqv5x-l.jpeg,2019-03-29 12:34:29,2019-04-06 17:15:15,8
AsDupBRgs9S-HSTR-9pTelmvb-HIOSPl1isLWOIBYKBF.jpeg,2019-02-18 14:31:03,2019-02-27 12:03:47,8
AjyJ7kCUbtNkeAxnP1-MfN_G_k3OfrH9Hmvk-o14tf1i.jpeg,2019-04-08 16:41:03,2019-04-17 10:26:51,8
AiSZ8iNPKsxg3SY4AfEbn0_Dio6Yi5Lm-8Sung5K1VeK.jpeg,2019-02-19 07:41:14,2019-02-27 18:03:34,8
AgyZY7anfdbu--IJQbVogpjQiEBLYXSEiIdXrXt96yEw.jpeg,2019-02-07 17:06:27,2019-02-14 17:39:41,7
AreXHJLf_PwWIL9wOCKCnOqIosdaTCltqAjZEtYgDWNv.jpeg,2019-05-17 08:55:17,2019-05-24 14:26:12,7
AgDUWPICc2Wh2ZWzgxF9lmtnyQ5XoOvWXex3UV9E35f5.jpeg,2019-02-06 13:36:41,2019-02-13 14:21:00,7
AvMOLOTSOwjhjVOuFKOePMUmNiHZQV2cpcMImfzanXLs.jpeg,2019-03-06 16:58:29,2019-03-13 17:30:46,7
Ag2TRfGB1YdMGs_07DeiRkYjLOsBABiXJlEfpzx_xokq.jpeg,2019-02-23 12:31:49,2019-03-02 16:24:02,7
Aob_umXQOF5FIOpwb54CBGcJfW56HiQe4rUxkA3ONAjb.jpeg,2019-03-06 02:14:10,2019-03-13 04:12:49,7
Ag0sa83Mb1YKMpXmbsoGVOqmVA8JA6mZdEajrCqztGV_.jpeg,2019-04-12 07:04:27,2019-04-19 06:31:11,6
Ao6woJrUi1hBmgJv-AE4LN1dHnLcSdwG4T1BiDtctn6G.jpeg,2019-04-04 16:32:00,2019-04-11 12:31:31,6
Agq3xp71qX63ZwN1Vf6Oc5Z4y2nqM94ikKpSFqLV8wLs.jpeg,2019-04-04 14:58:39,2019-04-11 07:36:22,6
AhB91Cznv21LUkIctOEdZJTvahYWNOCLphah6nCS89uj.jpeg,2019-04-04 17:18:12,2019-04-10 17:53:06,6
AgA4YbqAPRwtGYo2O7i0Pz2yypVAm6ALUUsqxT34l0N4.jpeg,2018-12-29 14:06:24,2019-01-03 18:29:00,5
AgG06PHVuOgAbz72VppeEiRqA2Lcq3HHYF4wBSaAm0KJ.jpeg,2019-01-12 09:57:34,2019-01-18 08:19:37,5
ArHG5MPxKZqeEbRFHKkPho0t4g3JMK58uhGTQZ_VcIOW.jpeg,2018-08-20 14:51:10,2018-08-26 13:05:21,5
At0XI9udB8CQfWotYhAy8iHmH1AQc91VYhjlys-X5Fpw.jpeg,2018-10-13 11:03:33,2018-10-18 19:50:30,5
AhAQy0jbJmhMP-rBNJftofz_Os3FN2KsXgnWfnsa_kyx.jpeg,2019-02-06 15:17:59,2019-02-11 09:48:46,4
AhearidCfa69FlNgeqws79Zma-acEdvcCgmnH6o0c2VR.jpeg,2019-04-22 08:48:15,2019-04-27 04:37:28,4
Ag9ywqPmy9vvqZwUhXuPMss2ezN4cmx_E2Ope3i-7k7u.jpeg,2019-04-17 15:33:44,2019-04-22 10:09:10,4
AgDtPyCsSbHcj7hbt8TUCg-nfPGpoE-eM5gIBoc8wzMX.jpeg,2019-02-15 09:46:31,2019-02-19 13:22:10,4
AnliBEk342mWabM4o32vff7JCIzdxgH7t0ElRjXYl34u.jpeg,2019-02-26 14:27:11,2019-03-03 06:46:31,4
Ag_r8zZz10Iut3PC9VllCgJz4l0yry_qJt2w5oNpZnNL.jpeg,2019-02-14 10:56:57,2019-02-18 19:39:37,4
AgP8dbuLvOTfrzFS99QP6dmxOLuL54dkfZ5DAYcBd16B.jpeg,2019-03-15 05:30:57,2019-03-19 08:10:32,4
Ag6CvAG3Ei7vGWjSufkuwp3K3Db4-0AsRVIDAdnK9MeC.jpeg,2019-04-03 17:30:24,2019-04-07 05:19:44,3
Ag3s8rMF0XPzfFoMDI8G-wYgENCujiaibKQjbkUZDvAn.jpeg,2019-03-11 05:27:24,2019-03-15 04:11:56,3
AhDX0tPq6ZuQbWzsKRrkRIvJ4nVDINOhaIFKJ0dle7_c.jpeg,2019-03-09 08:18:23,2019-03-12 15:01:24,3
AhafXSj0CKo3dywfY4lJD8YgOjOUzkxS7287zGBXG0bV.jpeg,2019-04-01 04:44:45,2019-04-04 18:53:22,3
AgsracmY1loJYVbrpM_o7XmI1suekCRvNffMT-3iEQw6.jpeg,2019-04-14 12:00:23,2019-04-17 16:16:25,3
AgmpfYO_Q4xXvJMcpt1oQsdH5PUfHXHuY-AbcbmNnddU.jpeg,2019-04-07 04:33:32,2019-04-10 19:15:13,3
AlYLVhhwV_jYVwXMi42YUYQwvWpqp5NuV684Mcn5q3Hu.jpeg,2019-02-14 02:27:53,2019-02-16 17:28:31,2
Agnp-vlE3E-b2j3-FH4c9ojfGLhDvQTXyC416LX67frN.jpeg,2019-02-12 14:42:45,2019-02-14 16:49:47,2
AgH_YoQEhvSq6Qnbfcvxitbvg69DtxHG3rnfVMvxHsVJ.jpeg,2019-02-15 16:15:57,2019-02-18 04:47:28,2
AhKMkaem208JdN2MDcqqxW2CcUH23AF85PxeLkBxCgd4.jpeg,2019-04-13 08:41:57,2019-04-15 14:10:18,2
AgAJ5rTbfzb6kUgDxSjiIapeOQlAjf8_nZZWRK5cPSKK.jpeg,2019-04-17 06:32:48,2019-04-20 04:29:29,2
AseKFIMUMqQg7iY5dCuieA0rIAxoGuGLA13E_kRx8hSU.jpeg,2019-02-24 10:59:06,2019-02-26 16:57:12,2
AsZnzXsvIPV1iNpQ0BeSPpKor5rFfZky9C--bJXVHvQM.jpeg,2019-04-08 17:52:05,2019-04-11 01:31:59,2
AlYG45OygvPUIlBrpMHGan2DKeR5apdGSRXlALr7NccU.jpeg,2019-02-15 14:02:25,2019-02-17 10:06:32,1
AgYezPB_kWN4qnqesiLihw6PB1DUpayr5FcGDGG_fQxs.jpeg,2019-01-16 08:10:21,2019-01-17 10:01:35,1
Agfdd_lsI_jMbHo54hHcJLqZ6pPQiVnkKfAJfiFis-3d.jpeg,2019-02-14 14:25:47,2019-02-16 08:56:40,1
Ag3bayTLiaSvaflSoR6acq6oEKLw2akQb6s89BA1756C.jpeg,2019-04-09 07:37:58,2019-04-10 17:27:13,1
Atw9rfMoKsfwT1chuU05SVOAc8pRCDNVGu6UxGUDhLNM.jpeg,2019-04-08 06:38:48,2019-04-09 13:33:14,1
AgO9aKhW6tc6rNaoxFlBZNHR3cHZEM7z2MtB2fvKsNK2.jpeg,2019-03-09 09:18:12,2019-03-11 02:29:37,1
AtuGRoKsUrjZifxvSAMDthJHMcKUpXUc5uHYDWS8OWOl.jpeg,2019-04-25 08:11:18,2019-04-26 09:00:22,1
AghlpSZKOmC8Gwwog3P8QiTg7vZTi4y3RpyJQi2ZzkuG.jpeg,2019-02-26 10:29:02,2019-02-27 12:03:49,1
As0c_JgdPbOlBN1Qn-nzyu3LKNj8sI2PFwjJxYd1WWjw.jpeg,2019-01-17 14:58:24,2019-01-18 18:01:18,1
AgeXF8nned4N1J2Ts_YZLrRtNhpcuT1qYcZlXgsVP87i.jpeg,2019-03-09 09:21:45,2019-03-10 10:43:48,1
AsdoKvVUozPioR3Y9RJp3f56UiHKbFrTCifGqoZTmle3.jpeg,2019-04-03 17:30:27,2019-04-05 15:35:11,1
AgX4H0O6dDS2Jh6nxz8AeIcc_9wtGuBqEwRGmUz3eqrZ.jpeg,2019-02-15 15:30:24,2019-02-17 07:26:19,1
AiBBrQeppl4icA7x9jaKATRZWRVAMN7xQ4nZXrLg2_8G.jpeg,2019-03-27 07:49:42,2019-03-28 16:29:56,1
AjlkMV6ufhoJRTmzQIwfk1Djz1KnZUqKaJYcOgS9_kQ1.jpeg,2019-04-26 16:18:11,2019-04-28 06:55:57,1
Ag0W1IPch3UPXSvaLCZAWGyD-h2NNMjUNhvQ-KASpXa8.jpeg,2019-03-15 08:29:53,2019-03-15 12:25:13,0
AgU_oGjAUlf1Uhp0F1gX0gINvW_Tv-4hxOKP5Yq5_bo1.jpeg,2019-02-15 15:29:01,2019-02-15 16:12:22,0
Agw_8ld_BADtcmv3kJukoz7nV9rCIEfRAVxI88pyQy1t.jpeg,2019-04-11 09:46:08,2019-04-11 09:47:06,0
AgvfA1e_htgfzlBQYsct1yDQi6VZPaE16enYmhFe2hAq.jpeg,2019-02-05 01:33:15,2019-02-05 18:33:12,0
AhfVcdniZ_w28W82b_9z6ivbxJc9OGutHnaWcQfpGmXB.jpeg,2019-03-18 11:37:31,2019-03-18 11:38:38,0
AhczkTKeRID-Y-7y7OK7P_NQFKgNLyOVYhdrLsxagkQa.jpeg,2019-04-16 16:05:59,2019-04-16 16:07:09,0
AgtU_TOhaw-vUzAVKy8LA0P2WasXTCEetmXdcHpIYNno.jpeg,2019-01-11 09:04:43,2019-01-11 17:43:28,0
AhCSO8yvnErtJ1_oAuJqIVOkt8Wup9d8c7J4UCzadrU8.jpeg,2019-03-09 16:50:14,2019-03-09 16:55:23,0
AhAJa-UB6FtIQT0NYZl98sGh8Bbypijv8m0VuxfXIdet.jpeg,2019-04-09 09:41:11,2019-04-09 17:36:05,0
AgyDJucVzU22rUDou2HFog9s7f0cK7yrMkE1Iv5uxJhQ.jpeg,2019-03-15 02:25:12,2019-03-15 02:27:57,0
AhFWXNPoVAYDb3a0x57FZZzi8N7K3PzJYRYap41Oxyp8.jpeg,2019-04-08 16:16:41,2019-04-08 16:17:41,0
Ag0k_q3oG1KI_IddkmtrkqkI4LqUezCbhRXvJr8xDhdv.jpeg,2019-05-10 15:19:55,2019-05-10 15:25:48,0
Ah1DOCr_vvzrSvIIzUMN6aWeh4GFjstgIB3BGNqa4J0a.jpeg,2019-02-13 06:50:51,2019-02-13 14:30:56,0
Ah-4JAKwc3grxNmIo82Qx3uFr6Eb-TNKox__kCkhG-_a.jpeg,2019-02-16 12:51:28,2019-02-16 17:20:07,0
Agy_eU0gWk3KEZ_54_pap_FRrBg3rw06EiEkYjmfs1jC.jpeg,2019-03-11 04:43:14,2019-03-11 09:11:55,0
Atpk86Ow05hz1zgnn_Ax5TCIBnH2g9EPN0B7mjO00Aah.jpeg,2019-01-17 14:03:14,2019-01-17 18:30:38,0
Ag0MBt6bcEjOQSGTMPkIGFRaUbCnob5oBtsqL0njKjl6.jpeg,2019-01-26 01:33:47,2019-01-26 03:16:42,0
Ah2V8VZHLybPr1scNUSQFdTp_SEzW1pHKHHhMUP-8t5O.jpeg,2019-03-18 07:05:31,2019-03-18 14:29:39,0
Ahm5kbmi-2czIS5cHRpycrpmOmXGXeLDXT2qCivcaskY.jpeg,2019-04-08 13:17:04,2019-04-08 17:01:07,0
AhulGHekV5NKV4bWmKt8FOOxAAICPDauJuoKjuRyMPlC.jpeg,2019-05-12 08:06:44,2019-05-12 08:42:04,0
Aj4QBpaplEoYkkSyEhKFSylLMnrvI3kdsr98c0-U0IAN.jpeg,2019-04-17 05:18:56,2019-04-17 06:56:44,0
Ai16iSuv5zWt7xX7fsgQ0PorvP6H_DqPDDAYppm98DZ5.jpeg,2019-04-17 12:57:44,2019-04-17 12:58:36,0
Ai4kkNirus998tBSJUQaITw61g_rOFxXc50vtt6INq2S.jpeg,2019-05-10 15:34:17,2019-05-10 15:35:22,0
AiJEQRatcNaIFMnnrJZdukDy3DaFUkZFzsgc-_z0uv-t.jpeg,2019-04-30 09:58:33,2019-04-30 17:46:17,0
Agal3HIN3fpbVs4DohWn-2QEFYSB27Wjd5JJglJtVXni.jpeg,2019-01-17 10:58:23,2019-01-17 18:58:03,0
AgbA-4LzJAf-INA8d1qrR7Hjvw5_gosCdMZwN4hzEsfl.jpeg,2019-02-07 01:30:29,2019-02-07 02:42:27,0
Agp0yxA4SbU0DkFBP0PyuUSm8BsTpeRR0Fuwn3aCbRBZ.jpeg,2019-01-23 05:21:21,2019-01-23 07:18:59,0
AgriezSrG1slBmftwJjhjdivyuKZja0wa3QSFn0CDMa9.jpeg,2019-01-17 15:03:59,2019-01-18 02:21:35,0
AgXhAFC2ddJddKY2qbPYNXY6Kqcn1wZBG4XkdhhFzDg9.jpeg,2019-01-14 06:03:00,2019-01-14 06:41:31,0
AnYsgXWmLLMFTyQIMd2-NiOMts80gyBzJrU2hPQ3o5I5.jpeg,2019-05-10 09:07:15,2019-05-10 15:52:17,0
Ag2hSJy2QRpB71YAtmvtr29-AdEOFgSRA8z5vo11dtCb.jpeg,2019-03-14 05:07:01,2019-03-14 06:32:19,0
AgYWIOYza3onXnRSNlsCORlhivHnnPSMJ8McaFg_E8W3.jpeg,2019-04-08 16:08:09,2019-04-08 16:09:01,0
Aq9dbtzVtil0irhDeubWG_-ung7R9cTapek1adfhSw9T.jpeg,2019-03-17 14:44:03,2019-03-18 05:02:50,0
AgOXLP6Y1P5Vp_wGyqWC4TB2Owi5EaItA5qBxI8q4f8q.jpeg,2019-03-10 13:00:37,2019-03-10 14:25:48,0
AgPi_i5wYV8x737vM8hEOLlrYWc0x72PnJsU10POiwy3.jpeg,2019-02-14 13:33:08,2019-02-14 14:39:14,0
AvqjP-nt7LSKQbPQhUwCAcRwgKpzwbeNRtmWA6VNZB20.jpeg,2019-02-06 18:33:12,2019-02-06 18:33:39,0
